Date,Closing,Volume
2019-01-02,3.4054999351501465,508752000
2019-01-03,3.1997499465942383,705552000
2019-01-04,3.404750108718872,585620000
2019-01-07,3.5850000381469727,709160000
2019-01-08,3.4957499504089355,786016000
2019-01-09,3.564500093460083,617260000
2019-01-10,3.630749940872192,523156000
2019-01-11,3.720750093460083,874764000
2019-01-14,3.760999917984009,730168000
2019-01-15,3.7467501163482666,617012000
2019-01-16,3.720999956130981,470104000
2019-01-17,3.7929999828338623,493436000
2019-01-18,3.923249959945679,651336000
2019-01-22,3.719249963760376,661552000
2019-01-23,3.732249975204468,591020000
2019-01-24,3.946000099182129,708972000
2019-01-25,4.003749847412109,1154572000
2019-01-28,3.4502499103546143,2511528000
2019-01-29,3.289999961853028,1153932000
2019-01-30,3.4347500801086426,974228000
2019-01-31,3.59375,842852000
2019-02-01,3.618249893188477,625048000
2019-02-04,3.7295000553131104,528592000
2019-02-05,3.7487499713897705,542424000
2019-02-06,3.825000047683716,702464000
2019-02-07,3.685499906539917,637120000
2019-02-08,3.70425009727478,461604000
2019-02-11,3.661250114440918,495180000
2019-02-12,3.779249906539917,591060000
2019-02-13,3.822000026702881,605372000
2019-02-14,3.8632500171661377,827264000
2019-02-15,3.933500051498413,1516748000
2019-02-19,3.9159998893737793,551892000
2019-02-20,3.963749885559082,540988000
2019-02-21,3.89424991607666,448548000
2019-02-22,3.979749917984009,401740000
2019-02-25,3.967250108718872,656020000
2019-02-26,3.927500009536743,488464000
2019-02-27,3.8852500915527344,500256000
2019-02-28,3.8564999103546143,324944000
2019-03-01,3.911250114440918,357188000
2019-03-04,3.919500112533569,409992000
2019-03-05,3.913000106811523,362924000
2019-03-06,3.8012499809265137,403524000
2019-03-07,3.7314999103546143,450104000
2019-03-08,3.766000032424927,422416000
2019-03-11,4.028500080108643,859728000
2019-03-12,4.063000202178955,579576000
2019-03-13,4.215499877929688,768900000
2019-03-14,4.138999938964844,519384000
2019-03-15,4.245250225067139,661484000
2019-03-18,4.223750114440918,486992000
2019-03-19,4.392749786376953,854972000
2019-03-20,4.360000133514404,719148000
2019-03-21,4.598499774932861,824312000
2019-03-22,4.4375,747644000
2019-03-25,4.3445000648498535,525212000
2019-03-26,4.421750068664551,703508000
2019-03-27,4.412499904632568,474372000
2019-03-28,4.431250095367432,480264000
2019-03-29,4.488999843597412,456896000
2019-04-01,4.557000160217285,483824000
2019-04-02,4.574999809265137,440920000
2019-04-03,4.715499877929688,783504000
2019-04-04,4.706500053405762,457376000
2019-04-05,4.773749828338623,481744000
2019-04-08,4.794750213623047,424192000
2019-04-09,4.731500148773193,439972000
2019-04-10,4.802499771118164,444772000
2019-04-11,4.78849983215332,374600000
2019-04-12,4.750249862670898,471708000
2019-04-15,4.617499828338623,440092000
2019-04-16,4.705249786376953,394964000
2019-04-17,4.682250022888184,351004000
2019-04-18,4.65749979019165,380988000
2019-04-22,4.711750030517578,279936000
2019-04-23,4.766749858856201,346856000
2019-04-24,4.779250144958496,318204000
2019-04-25,4.672749996185303,499296000
2019-04-26,4.452250003814697,868988000
2019-04-29,4.483250141143799,391920000
2019-04-30,4.525000095367432,362920000
2019-05-01,4.511750221252441,354280000
2019-05-02,4.579750061035156,394684000
2019-05-03,4.575250148773193,336824000
2019-05-06,4.496250152587891,422176000
2019-05-07,4.327750205993652,555220000
2019-05-08,4.3480000495910645,419168000
2019-05-09,4.254749774932861,660248000
2019-05-10,4.2204999923706055,569500000
2019-05-13,3.961250066757202,656912000
2019-05-14,4.051000118255615,524880000
2019-05-15,3.989500045776367,502320000
2019-05-16,4.004749774932861,781088000
2019-05-17,3.913249969482422,1022068000
2019-05-20,3.793750047683716,572064000
2019-05-21,3.876499891281128,361848000
2019-05-22,3.805000066757202,325868000
2019-05-23,3.683000087738037,591844000
2019-05-24,3.628750085830689,357584000
2019-05-28,3.583250045776367,428356000
2019-05-29,3.508500099182129,559800000
2019-05-30,3.477750062942505,394300000
2019-05-31,3.3864998817443848,389720000
2019-06-03,3.344500064849853,478644000
2019-06-04,3.575000047683716,641836000
2019-06-05,3.532000064849853,511616000
2019-06-06,3.594500064849853,408140000
2019-06-07,3.637500047683716,348856000
2019-06-10,3.710750102996826,402780000
2019-06-11,3.768749952316284,383872000
2019-06-12,3.6549999713897705,358892000
2019-06-13,3.7065000534057617,308080000
2019-06-14,3.615999937057495,394428000
2019-06-17,3.6257500648498535,276040000
2019-06-18,3.822000026702881,581920000
2019-06-19,3.828000068664551,331644000
2019-06-20,3.8524999618530273,350168000
2019-06-21,3.7939999103546143,434428000
2019-06-24,3.816499948501587,282948000
2019-06-25,3.786999940872192,311868000
2019-06-26,3.9814999103546143,584072000
2019-06-27,4.080749988555908,445440000
2019-06-28,4.10575008392334,397668000
2019-07-01,4.154250144958496,709756000
2019-07-02,4.055749893188477,400228000
2019-07-03,4.068749904632568,246636000
2019-07-05,4.005750179290772,396552000
2019-07-08,3.9302499294281006,329788000
2019-07-09,3.93274998664856,342860000
2019-07-10,4.001500129699707,452076000
2019-07-11,4.1570000648498535,682560000
2019-07-12,4.190249919891357,506392000
2019-07-15,4.1817498207092285,289840000
2019-07-16,4.177000045776367,341444000
2019-07-17,4.24275016784668,348204000
2019-07-18,4.254499912261963,442192000
2019-07-19,4.210999965667725,344896000
2019-07-22,4.2829999923706055,315940000
2019-07-23,4.391499996185303,428176000
2019-07-24,4.46649980545044,366236000
2019-07-25,4.334499835968018,392700000
2019-07-26,4.3767499923706055,274160000
2019-07-29,4.370500087738037,248160000
2019-07-30,4.386250019073486,197772000
2019-07-31,4.2179999351501465,359416000
2019-08-01,4.123000144958496,421212000
2019-08-02,4.029749870300293,428348000
2019-08-05,3.7697501182556152,589156000
2019-08-06,3.808749914169312,361272000
2019-08-07,3.847249984741211,372560000
2019-08-08,3.9565000534057617,309300000
2019-08-09,3.8545000553131104,341816000
2019-08-12,3.786250114440918,279200000
2019-08-13,3.901249885559082,351956000
2019-08-14,3.7517499923706055,419880000
2019-08-15,3.719249963760376,477200000
2019-08-16,3.989000082015991,1007960000
2019-08-19,4.269499778747559,815112000
2019-08-20,4.196750164031982,463188000
2019-08-21,4.280749797821045,427244000
2019-08-22,4.287000179290772,303488000
2019-08-23,4.060999870300293,568056000
2019-08-26,4.136250019073486,318208000
2019-08-27,4.045000076293945,290968000
2019-08-28,4.0304999351501465,255612000
2019-08-29,4.175000190734863,357976000
2019-08-30,4.187749862670898,290616000
2019-09-03,4.104249954223633,296140000
2019-09-04,4.218999862670898,227728000
2019-09-05,4.493500232696533,695676000
2019-09-06,4.466249942779541,376976000
2019-09-09,4.512499809265137,417524000
2019-09-10,4.579500198364258,352812000
2019-09-11,4.608250141143799,361512000
2019-09-12,4.606750011444092,327840000
2019-09-13,4.548500061035156,324592000
2019-09-16,4.505249977111816,231832000
2019-09-17,4.526750087738037,223048000
2019-09-18,4.499499797821045,258152000
2019-09-19,4.423500061035156,245476000
2019-09-20,4.317249774932861,350244000
2019-09-23,4.370999813079834,249712000
2019-09-24,4.3132500648498535,317268000
2019-09-25,4.455749988555908,308432000
2019-09-26,4.433499813079834,234564000
2019-09-27,4.294000148773193,362056000
2019-09-30,4.351749897003174,186184000
2019-10-01,4.349999904632568,366008000
2019-10-02,4.326000213623047,293372000
2019-10-03,4.532750129699707,450588000
2019-10-04,4.54925012588501,265524000
2019-10-07,4.608250141143799,480984000
2019-10-08,4.430749893188477,444436000
2019-10-09,4.517749786376953,292412000
2019-10-10,4.57574987411499,309124000
2019-10-11,4.649750232696533,446404000
2019-10-14,4.663249969482422,200040000
2019-10-15,4.909249782562256,664124000
2019-10-16,4.855249881744385,428944000
2019-10-17,4.857250213623047,263436000
2019-10-18,4.762249946594238,307440000
2019-10-21,4.90024995803833,261868000
2019-10-22,4.890250205993652,328720000
2019-10-23,4.8772501945495605,279916000
2019-10-24,4.921500205993652,232020000
2019-10-25,5.113500118255615,423092000
2019-10-28,5.169750213623047,330792000
2019-10-29,5.072999954223633,211236000
2019-10-30,5.074999809265137,205960000
2019-10-31,5.0254998207092285,209732000
2019-11-01,5.0647501945495605,283640000
2019-11-04,5.262499809265137,376716000
2019-11-05,5.240250110626221,300868000
2019-11-06,5.1907501220703125,269012000
2019-11-07,5.208499908447266,280340000
2019-11-08,5.194499969482422,189100000
2019-11-11,5.204500198364258,243436000
2019-11-12,5.240250110626221,283504000
2019-11-13,5.214250087738037,300188000
2019-11-14,5.244750022888184,518080000
2019-11-15,5.104750156402588,1053628000
2019-11-18,5.307000160217285,574588000
2019-11-19,5.199749946594238,414564000
2019-11-20,5.2795000076293945,472588000
2019-11-21,5.254499912261963,288388000
2019-11-22,5.272250175476074,224100000
2019-11-25,5.530250072479248,506476000
2019-11-26,5.425000190734863,385244000
2019-11-27,5.455999851226807,215784000
2019-11-29,5.418499946594238,141556000
2019-12-02,5.231249809265137,372036000
2019-12-03,5.191500186920166,465232000
2019-12-04,5.235499858856201,273424000
2019-12-05,5.218500137329102,184884000
2019-12-06,5.3042497634887695,232236000
2019-12-09,5.3042497634887695,211880000
2019-12-10,5.349500179290772,256388000
2019-12-11,5.433499813079834,233796000
2019-12-12,5.601749897003174,404348000
2019-12-13,5.59975004196167,454704000
2019-12-16,5.628749847412109,320976000
2019-12-17,5.707250118255615,321196000
2019-12-18,5.737750053405762,343548000
2019-12-19,5.886499881744385,445360000
2019-12-20,5.984250068664551,603044000
2019-12-23,5.9704999923706055,355060000
2019-12-24,5.965499877929688,138864000
2019-12-26,5.979750156402588,182852000
2019-12-27,5.921750068664551,254644000
2019-12-30,5.808000087738037,258056000
2019-12-31,5.882500171661377,231004000
2020-01-02,5.99774980545044,237536000
2020-01-03,5.901750087738037,205384000
2020-01-06,5.926499843597412,262636000
2020-01-07,5.9982500076293945,314856000
2020-01-08,6.009500026702881,277108000
2020-01-09,6.075500011444092,255112000
2020-01-10,6.107999801635742,316296000
2020-01-13,6.299499988555908,319840000
2020-01-14,6.182000160217285,359088000
2020-01-15,6.139249801635742,263104000
2020-01-16,6.223249912261963,284192000
2020-01-17,6.23199987411499,253792000
2020-01-21,6.198500156402588,217916000
2020-01-22,6.252749919891357,239240000
2020-01-23,6.321499824523926,244516000
2020-01-24,6.26200008392334,373512000
2020-01-27,6.005000114440918,470536000
2020-01-28,6.199250221252441,310976000
2020-01-29,6.138500213623047,258848000
2020-01-30,6.145249843597412,290504000
2020-01-31,5.910749912261963,370420000
2020-02-03,6.008250236511231,255564000
2020-02-04,6.178249835968018,271544000
2020-02-05,6.269000053405762,208220000
2020-02-06,6.356249809265137,218284000
2020-02-07,6.289750099182129,189752000
2020-02-10,6.574250221252441,529608000
2020-02-11,6.697249889373779,638556000
2020-02-12,6.813499927520752,374644000
2020-02-13,6.769499778747559,528016000
2020-02-14,7.244750022888184,1041924000
2020-02-18,7.414249897003174,620164000
2020-02-19,7.867499828338623,694332000
2020-02-20,7.71750020980835,810052000
2020-02-21,7.351749897003174,768180000
2020-02-24,6.831999778747559,856916000
2020-02-25,6.551249980926514,1055496000
2020-02-26,6.691249847412109,747732000
2020-02-27,6.315000057220459,906416000
2020-02-28,6.7517499923706055,1133252000
2020-03-02,6.910749912261963,890744000
2020-03-03,6.647250175476074,652792000
2020-03-04,7.112750053405762,597408000
2020-03-05,6.832250118255615,540328000
2020-03-06,6.651000022888184,515412000
2020-03-09,6.136000156402588,614160000
2020-03-10,6.526999950408936,580648000
2020-03-11,6.161749839782715,499964000
2020-03-12,5.407750129699707,816540000
2020-03-13,6.020999908447266,634836000
2020-03-16,4.909999847412109,726972000
2020-03-17,5.4317498207092285,833632000
2020-03-18,5.070499897003174,874268000
2020-03-19,5.324250221252441,765512000
2020-03-20,5.143750190734863,804636000
2020-03-23,5.317249774932861,643876000
2020-03-24,6.229499816894531,1101644000
2020-03-25,6.140500068664551,793432000
2020-03-26,6.431000232696533,696108000
2020-03-27,6.318250179290772,638828000
2020-03-30,6.639750003814697,602252000
2020-03-31,6.590000152587891,949960000
2020-04-01,6.076749801635742,656912000
2020-04-02,6.386750221252441,675764000
2020-04-03,6.097750186920166,663212000
2020-04-06,6.710000038146973,727884000
2020-04-07,6.475749969482422,784520000
2020-04-08,6.673749923706055,542444000
2020-04-09,6.573750019073486,525564000
2020-04-13,6.746250152587891,398408000
2020-04-14,7.098750114440918,530948000
2020-04-15,7.020999908447266,366148000
2020-04-16,7.367499828338623,745620000
2020-04-17,7.308000087738037,539120000
2020-04-20,7.176249980926514,449388000
2020-04-21,6.737750053405762,735160000
2020-04-22,7.153749942779541,483356000
2020-04-23,7.100249767303467,424160000
2020-04-24,7.239749908447266,352328000
2020-04-27,7.427000045776367,479388000
2020-04-28,7.283999919891357,442904000
2020-04-29,7.46150016784668,379160000
2020-04-30,7.307000160217285,375916000
2020-05-01,7.069499969482422,342096000
2020-05-04,7.282249927520752,317556000
2020-05-05,7.343500137329102,368896000
2020-05-06,7.44474983215332,323464000
2020-05-07,7.621749877929687,373732000
2020-05-08,7.8125,339216000
2020-05-11,8.065500259399414,469060000
2020-05-12,7.802499771118164,493060000
2020-05-13,7.78000020980835,625852000
2020-05-14,8.030500411987305,602312000
2020-05-15,8.490750312805176,987660000
2020-05-18,8.750249862670898,774460000
2020-05-19,8.805500030517578,717320000
2020-05-20,8.970000267028809,587536000
2020-05-21,8.775250434875488,761068000
2020-05-22,9.026249885559082,1038764000
2020-05-26,8.71774959564209,770780000
2020-05-27,8.525250434875488,1175892000
2020-05-28,8.487000465393066,734896000
2020-05-29,8.875499725341797,745256000
2020-06-01,8.806249618530273,389876000
2020-06-02,8.825249671936035,391320000
2020-06-03,8.769499778747559,365440000
2020-06-04,8.766500473022461,424280000
2020-06-05,8.920000076293945,481748000
2020-06-08,8.805000305175781,387736000
2020-06-09,9.04599952697754,468488000
2020-06-10,9.36674976348877,632180000
2020-06-11,8.796250343322754,583652000
2020-06-12,8.932499885559082,570908000
2020-06-15,9.173749923706056,400004000
2020-06-16,9.068499565124512,535716000
2020-06-17,9.236000061035156,408304000
2020-06-18,9.218000411987305,254408000
2020-06-19,9.261249542236328,524160000
2020-06-22,9.52674961090088,398468000
2020-06-23,9.449999809265137,375108000
2020-06-24,9.23550033569336,449372000
2020-06-25,9.489999771118164,376072000
2020-06-26,9.154999732971191,592084000
2020-06-29,9.199999809265137,342248000
2020-06-30,9.497750282287598,367892000
2020-07-01,9.529999732971191,326648000
2020-07-02,9.612250328063965,364056000
2020-07-06,9.83924961090088,315892000
2020-07-07,9.871749877929688,357800000
2020-07-08,10.215999603271484,365480000
2020-07-09,10.508999824523926,494548000
2020-07-10,10.479249954223633,497676000
2020-07-13,10.052249908447266,457076000
2020-07-14,10.376999855041504,542676000
2020-07-15,10.227250099182127,403984000
2020-07-16,10.134750366210938,344964000
2020-07-17,10.201499938964844,266284000
2020-07-20,10.510749816894531,284852000
2020-07-21,10.328499794006348,277036000
2020-07-22,10.438750267028809,367292000
2020-07-23,10.12975025177002,411660000
2020-07-24,10.194499969482422,473292000
2020-07-27,10.421500205993652,292132000
2020-07-28,10.215499877929688,271636000
2020-07-29,10.465499877929688,284508000
2020-07-30,10.61400032043457,308880000
2020-07-31,10.614749908447266,386080000
2020-08-03,11.010250091552734,412720000
2020-08-04,11.227749824523926,310336000
2020-08-05,11.286749839782717,249924000
2020-08-06,11.33549976348877,244316000
2020-08-07,11.19950008392334,342516000
2020-08-10,11.164999961853027,427796000
2020-08-11,10.850000381469728,354512000
2020-08-12,11.440250396728516,464412000
2020-08-13,11.442999839782717,374460000
2020-08-14,11.564000129699709,366436000
2020-08-17,12.336999893188477,621300000
2020-08-18,12.260749816894531,503448000
2020-08-19,12.138500213623049,622624000
2020-08-20,12.140999794006348,921388000
2020-08-21,12.683500289916992,999868000
2020-08-24,12.720250129699709,490564000
2020-08-25,12.75,289076000
2020-08-26,12.77299976348877,321244000
2020-08-27,12.628250122070312,317604000
2020-08-28,13.147749900817873,537160000
2020-08-31,13.374500274658203,500840000
2020-09-01,13.821000099182127,511316000
2020-09-02,14.346500396728516,874012000
2020-09-03,13.01550006866455,945128000
2020-09-04,12.6225004196167,1463684000
2020-09-08,11.913000106811523,795728000
2020-09-09,12.71500015258789,736200000
2020-09-10,12.311750411987305,698684000
2020-09-11,12.16450023651123,636928000
2020-09-14,12.872249603271484,1201744000
2020-09-15,12.991000175476074,727556000
2020-09-16,12.51449966430664,556384000
2020-09-17,12.463500022888184,792512000
2020-09-18,12.189249992370604,698460000
2020-09-21,12.517250061035156,721044000
2020-09-22,12.637749671936035,646452000
2020-09-23,12.123749732971191,647012000
2020-09-24,12.347999572753906,731240000
2020-09-25,12.873749732971191,588016000
2020-09-28,13.03499984741211,573808000
2020-09-29,13.225749969482422,621460000
2020-09-30,13.530500411987305,689184000
2020-10-01,13.614500045776367,525004000
2020-10-02,13.062250137329102,552496000
2020-10-05,13.642499923706056,479820000
2020-10-06,13.736499786376951,784420000
2020-10-07,13.96399974822998,418084000
2020-10-08,13.838749885559082,378900000
2020-10-09,13.762749671936035,346892000
2020-10-12,14.22599983215332,434744000
2020-10-13,14.248250007629396,344604000
2020-10-14,14.095250129699709,276100000
2020-10-15,13.970000267028809,267224000
2020-10-16,13.81149959564209,242392000
2020-10-19,13.497750282287598,298068000
2020-10-20,13.645500183105469,229212000
2020-10-21,13.524749755859377,219596000
2020-10-22,13.361000061035156,290480000
2020-10-23,13.590250015258787,233484000
2020-10-26,13.141249656677246,336896000
2020-10-27,13.396750450134276,250520000
2020-10-28,12.626999855041504,376520000
2020-10-29,13.02400016784668,320080000
2020-10-30,12.534000396728516,416820000
2020-11-02,12.580750465393066,299652000
2020-11-03,13.01949977874756,272900000
2020-11-04,13.794249534606934,410228000
2020-11-05,14.15999984741211,319028000
2020-11-06,14.562000274658203,383348000
2020-11-09,13.630749702453612,582976000
2020-11-10,12.770000457763672,644068000
2020-11-11,13.41800022125244,404744000
2020-11-12,13.45674991607666,365812000
2020-11-13,13.29699993133545,346312000
2020-11-16,13.515250205993652,413776000
2020-11-17,13.422249794006348,312028000
2020-11-18,13.428750038146973,510924000
2020-11-19,13.440250396728516,565936000
2020-11-20,13.087750434875488,341088000
2020-11-23,13.140000343322754,361356000
2020-11-24,12.95775032043457,346500000
2020-11-25,13.234749794006348,259916000
2020-11-27,13.261249542236328,167276000
2020-11-30,13.40149974822998,286952000
2020-12-01,13.390000343322754,296948000
2020-12-02,13.544500350952148,283360000
2020-12-03,13.395999908447266,199520000
2020-12-04,13.558250427246094,202244000
2020-12-07,13.606749534606934,223244000
2020-12-08,13.350000381469728,271920000
2020-12-09,12.930749893188477,401300000
2020-12-10,12.972249984741213,207764000
2020-12-11,13.013250350952148,209264000
2020-12-14,13.30875015258789,270156000
2020-12-15,13.36050033569336,193016000
2020-12-16,13.24250030517578,223116000
2020-12-17,13.3412504196167,231384000
2020-12-18,13.272000312805176,342064000
2020-12-21,13.332249641418455,302332000
2020-12-22,13.278249740600586,185580000
2020-12-23,13.009249687194824,179144000
2020-12-24,12.993749618530272,97884000
2020-12-28,12.899999618530272,212564000
2020-12-29,12.943249702453612,170372000
2020-12-30,13.145750045776367,225396000
2020-12-31,13.05500030517578,192424000
2021-01-04,13.113499641418455,560640000
2021-01-05,13.404749870300291,322760000
2021-01-06,12.614500045776367,580424000
2021-01-07,13.343999862670898,461480000
2021-01-08,13.27674961090088,292528000
2021-01-11,13.621500015258787,518344000
2021-01-12,13.484749794006348,291476000
2021-01-13,13.531749725341797,210028000
2021-01-14,13.200249671936035,283120000
2021-01-15,12.85949993133545,277780000
2021-01-19,13.025250434875488,226188000
2021-01-20,13.365750312805176,258572000
2021-01-21,13.86750030517578,337780000
2021-01-22,13.712499618530272,246820000
2021-01-25,13.653249740600586,251112000
2021-01-26,13.435250282287598,163980000
2021-01-27,12.917750358581545,371272000
2021-01-28,13.050999641418455,228316000
2021-01-29,12.989749908447266,271552000
2021-02-01,13.237000465393066,217204000
2021-02-02,13.556750297546388,220440000
2021-02-03,13.530500411987305,245408000
2021-02-04,13.664250373840332,201340000
2021-02-05,13.590999603271484,169152000
2021-02-08,14.438750267028809,434624000
2021-02-09,14.263250350952148,287560000
2021-02-10,14.764249801635742,485352000
2021-02-11,15.250749588012695,450828000
2021-02-12,14.96125030517578,374756000
2021-02-16,15.330249786376951,321960000
2021-02-17,14.906000137329102,274756000
2021-02-18,14.82900047302246,233868000
2021-02-19,14.92650032043457,271724000
2021-02-22,14.35575008392334,325884000
2021-02-23,14.142000198364258,391780000
2021-02-24,14.49899959564209,448320000
2021-02-25,13.307499885559082,824436000
2021-02-26,13.714500427246094,500932000
2021-03-01,13.841750144958496,353184000
2021-03-02,13.40625,264116000
2021-03-03,12.804750442504885,377592000
2021-03-04,12.37024974822998,573344000
2021-03-05,12.46150016784668,542840000
2021-03-08,11.593250274658203,543112000
2021-03-09,12.52025032043457,521824000
2021-03-10,12.468250274658203,384376000
2021-03-11,12.993499755859377,299916000
2021-03-12,12.855999946594238,243964000
2021-03-15,13.19124984741211,221988000
2021-03-16,13.291250228881836,272128000
2021-03-17,13.3412504196167,243864000
2021-03-18,12.72249984741211,293896000
2021-03-19,12.845749855041504,299208000
2021-03-22,13.186249732971191,297804000
2021-03-23,13.07075023651123,222048000
2021-03-24,12.642999649047852,245840000
2021-03-25,12.535249710083008,295144000
2021-03-26,12.83924961090088,363968000
2021-03-29,12.948249816894531,273520000
2021-03-30,12.871749877929688,200204000
2021-03-31,13.34825038909912,314776000
2021-04-01,13.811750411987305,308276000
2021-04-05,13.987500190734863,255672000
2021-04-06,13.861499786376951,191744000
2021-04-07,14.143500328063965,251284000
2021-04-08,14.31700038909912,244416000
2021-04-09,14.399999618530272,195172000
2021-04-12,15.208999633789062,869324000
2021-04-13,15.679499626159668,676212000
2021-04-14,15.277000427246094,385500000
2021-04-15,16.137250900268555,598480000
2021-04-16,15.912500381469728,335208000
2021-04-19,15.361749649047852,404420000
2021-04-20,15.171250343322754,334132000
2021-04-21,15.36050033569336,216776000
2021-04-22,14.850250244140623,277788000
2021-04-23,15.265250205993652,227500000
2021-04-26,15.477999687194824,197796000
2021-04-27,15.381750106811523,164572000
2021-04-28,15.27674961090088,209416000
2021-04-29,15.324749946594238,173196000
2021-04-30,15.009499549865724,201912000
2021-05-03,14.836750030517578,203912000
2021-05-04,14.35124969482422,405324000
2021-05-05,14.458499908447266,292024000
2021-05-06,14.52299976348877,193380000
2021-05-07,14.812250137329102,229328000
2021-05-10,14.26574993133545,268904000
2021-05-11,14.306249618530272,285584000
2021-05-12,13.758500099182127,303408000
2021-05-13,13.665249824523926,285404000
2021-05-14,14.243000030517578,258616000
2021-05-17,14.165499687194824,216980000
2021-05-18,14.01574993133545,186256000
2021-05-19,14.065750122070312,344000000
2021-05-20,14.612500190734863,321592000
2021-05-21,14.99174976348877,672992000
2021-05-24,15.612000465393066,554816000
2021-05-25,15.647749900817873,435408000
2021-05-26,15.699999809265137,370440000
2021-05-27,15.48799991607666,581476000
2021-05-28,16.24449920654297,644536000
2021-06-01,16.26449966430664,472804000
2021-06-02,16.778249740600586,594168000
2021-06-03,16.969749450683594,580008000
2021-06-04,17.578250885009766,617120000
2021-06-07,17.618999481201172,575756000
2021-06-08,17.457000732421875,323848000
2021-06-09,17.35824966430664,381656000
2021-06-10,17.424999237060547,287772000
2021-06-11,17.82525062561035,416308000
2021-06-14,18.018749237060547,321376000
2021-06-15,17.78849983215332,243032000
2021-06-16,17.81024932861328,307124000
2021-06-17,18.657249450683597,809656000
2021-06-18,18.638750076293945,968856000
2021-06-21,18.427249908447266,672384000
2021-06-22,18.886749267578125,580144000
2021-06-23,19.057249069213867,332356000
2021-06-24,19.20549964904785,320924000
2021-06-25,19.0310001373291,278364000
2021-06-28,19.98500061035156,495436000
2021-06-29,20.026750564575195,367632000
2021-06-30,20.002500534057617,326568000
2021-07-01,20.21199989318848,480136000
2021-07-02,20.48699951171875,342764000
2021-07-06,20.69849967956543,446708000
2021-07-07,20.371749877929688,418428000
2021-07-08,19.90275001525879,503300000
2021-07-09,20.050249099731445,296624000
2021-07-12,20.512500762939453,321984000
2021-07-13,20.25,290708000
2021-07-14,19.84149932861328,380100000
2021-07-15,18.966249465942383,550564000
2021-07-16,18.160999298095703,688224000
2021-07-19,18.77975082397461,749060000
2021-07-20,18.61199951171875,434687000
2021-07-21,19.40999984741211,371017000
2021-07-22,19.5939998626709,323826000
2021-07-23,19.558000564575195,195672000
2021-07-26,19.29400062561035,203943000
2021-07-27,19.20800018310547,248863000
2021-07-28,19.50300025939941,202191000
2021-07-29,19.66200065612793,190781000
2021-07-30,19.499000549316406,183497000
2021-08-02,19.75,217444000
2021-08-03,19.815000534057617,301811000
2021-08-04,20.27400016784668,231309000
2021-08-05,20.636999130249023,211435000
2021-08-06,20.36599922180176,178497000
2021-08-09,20.295000076293945,146443000
2021-08-10,19.93600082397461,179238000
2021-08-11,19.698999404907227,185925000
2021-08-12,19.905000686645508,151652000
2021-08-13,20.1879997253418,183063000
2021-08-16,19.950000762939453,210876000
2021-08-17,19.45800018310547,204585000
2021-08-18,19.040000915527344,285913000
2021-08-19,19.79800033569336,766555000
2021-08-20,20.81599998474121,675741000
2021-08-23,21.95800018310547,575807000
2021-08-24,21.792999267578125,297299000
2021-08-25,22.21299934387207,347701000
2021-08-26,22.06800079345703,237940000
2021-08-27,22.63599967956543,304722000
2021-08-30,22.6879997253418,262580000
2021-08-31,22.38500022888184,259850000
2021-09-01,22.44099998474121,201767000
2021-09-02,22.395999908447266,187834000
2021-09-03,22.843000411987305,280532000
2021-09-07,22.66200065612793,198107000
2021-09-08,22.339000701904297,254434000
2021-09-09,22.177000045776367,196856000
2021-09-10,22.47800064086914,248376000
2021-09-13,22.152000427246094,297500000
2021-09-14,22.242000579833984,199755000
2021-09-15,22.340999603271484,166538000
2021-09-16,22.242000579833984,156033000
2021-09-17,21.899999618530277,294503000
2021-09-20,21.113000869750977,349440000
2021-09-21,21.246000289916992,204688000
2021-09-22,21.94099998474121,268726000
2021-09-23,22.48200035095215,248555000
2021-09-24,22.08099937438965,217655000
2021-09-27,21.65999984741211,245215000
2021-09-28,20.698999404907227,343069000
2021-09-29,20.517000198364254,218394000
2021-09-30,20.715999603271484,221009000
2021-10-01,20.742000579833984,240978000
2021-10-04,19.73200035095215,345635000
2021-10-05,20.451000213623047,279282000
2021-10-06,20.700000762939453,297202000
2021-10-07,21.075000762939453,256919000
2021-10-08,20.83099937438965,151258000
2021-10-11,20.69499969482422,163388000
2021-10-12,20.67099952697754,162134000
2021-10-13,20.93899917602539,180652000
2021-10-14,21.746000289916992,243589000
2021-10-15,21.86199951171875,226994000
2021-10-18,22.222000122070312,189494000
2021-10-19,22.290000915527344,161473000
2021-10-20,22.10300064086914,146276000
2021-10-21,22.691999435424805,187590000
2021-10-22,22.72599983215332,249384000
2021-10-25,23.166000366210938,230235000
2021-10-26,24.71699905395508,485898000
2021-10-27,24.451000213623047,245990000
2021-10-28,24.94099998474121,234204000
2021-10-29,25.566999435424805,292503000
2021-11-01,25.82699966430664,265740000
2021-11-02,26.400999069213867,294112000
2021-11-03,26.597999572753903,239910000
2021-11-04,29.801000595092773,1153631000
2021-11-05,29.75200080871582,851260000
2021-11-08,30.804000854492188,503101000
2021-11-09,30.65699958801269,646746000
2021-11-10,29.458999633789062,636206000
2021-11-11,30.38999938964844,332172000
2021-11-12,30.38999938964844,413054000
2021-11-15,30.024999618530277,384909000
2021-11-16,30.202999114990234,264484000
2021-11-17,29.26099967956543,428508000
2021-11-18,31.674999237060547,781711000
2021-11-19,32.98500061035156,533867000
2021-11-22,31.95599937438965,754335000
2021-11-23,31.746000289916992,532163000
2021-11-24,32.67399978637695,435162000
2021-11-26,31.50300025939941,283069000
2021-11-29,33.375999450683594,454964000
2021-11-30,32.67599868774414,622066000
2021-12-01,31.434999465942383,484368000
2021-12-02,32.125999450683594,472890000
2021-12-03,30.69300079345703,544325000
2021-12-06,30.03700065612793,658938000
2021-12-07,32.426998138427734,593053000
2021-12-08,31.826000213623047,475551000
2021-12-09,30.489999771118164,488507000
2021-12-10,30.197999954223636,488825000
2021-12-13,28.160999298095703,598344000
2021-12-14,28.33699989318848,667035000
2021-12-15,30.458999633789062,698297000
2021-12-16,28.386999130249023,707366000
2021-12-17,27.801000595092773,713758000
2021-12-20,27.7189998626709,461847000
2021-12-21,29.075000762939453,524385000
2021-12-22,29.399999618530277,395184000
2021-12-23,29.63999938964844,343022000
2021-12-27,30.94499969482422,403686000
2021-12-28,30.32200050354004,420591000
2021-12-29,30.000999450683597,343139000
2021-12-30,29.586000442504883,308864000
2021-12-31,29.410999298095703,266530000
2022-01-03,30.121000289916992,391547000
2022-01-04,29.290000915527344,527154000
2022-01-05,27.60400009155273,498064000
2022-01-06,28.17799949645996,454186000
2022-01-07,27.246999740600582,409939000
2022-01-10,27.399999618530277,594681000
2022-01-11,27.816999435424805,404089000
2022-01-12,27.999000549316406,383413000
2022-01-13,26.575000762939453,540171000
2022-01-14,26.941999435424805,395832000
2022-01-18,25.902999877929688,424270000
2022-01-19,25.066999435424805,488315000
2022-01-20,24.149999618530277,435181000
2022-01-21,23.374000549316406,718958000
2022-01-24,23.371999740600582,913982000
2022-01-25,22.323999404907227,664616000
2022-01-26,22.77199935913086,755959000
2022-01-27,21.944000244140625,573353000
2022-01-28,22.84000015258789,543774000
2022-01-31,24.48600006103516,564680000
2022-02-01,24.63800048828125,518925000
2022-02-02,25.242000579833984,543419000
2022-02-03,23.947999954223636,410178000
2022-02-04,24.319000244140625,354829000
2022-02-07,24.72800064086914,376868000
2022-02-08,25.107999801635746,410359000
2022-02-09,26.70499992370605,524282000
2022-02-10,25.823999404907227,513200000
2022-02-11,23.948999404907227,605472000
2022-02-14,24.267000198364254,440424000
2022-02-15,26.4950008392334,699869000
2022-02-16,26.51099967956543,732676000
2022-02-17,24.506999969482425,810595000
2022-02-18,23.642000198364254,761255000
2022-02-22,23.38999938964844,633422000
2022-02-23,22.386999130249023,566511000
2022-02-24,23.74799919128418,735801000
2022-02-25,24.15699958801269,528866000
2022-02-28,24.38500022888184,477319000
2022-03-01,23.476999282836918,412056000
2022-03-02,24.21999931335449,389642000
2022-03-03,23.714000701904297,365095000
2022-03-04,22.93600082397461,431415000
2022-03-07,21.351999282836918,450821000
2022-03-08,21.513999938964844,557467000
2022-03-09,23.013999938964844,492742000
2022-03-10,22.65800094604492,428066000
2022-03-11,22.100000381469727,367209000
2022-03-14,21.32999992370605,385354000
2022-03-15,22.972999572753903,491996000
2022-03-16,24.496000289916992,671422000
2022-03-17,24.766000747680664,471941000
2022-03-18,26.452999114990234,730719000
2022-03-21,26.733999252319336,591727000
2022-03-22,26.52400016784668,547007000
2022-03-23,25.63400077819824,502120000
2022-03-24,28.149999618530277,877379000
2022-03-25,27.691999435424805,579016000
2022-03-28,28.2189998626709,425494000
2022-03-29,28.6560001373291,488984000
2022-03-30,27.690000534057617,463487000
2022-03-31,27.285999298095703,523440000
2022-04-01,26.71199989318848,517235000
2022-04-04,27.36000061035156,397120000
2022-04-05,25.93099975585937,436615000
2022-04-06,24.40699958801269,703833000
2022-04-07,24.20800018310547,557992000
2022-04-08,23.11899948120117,524781000
2022-04-11,21.91699981689453,575207000
2022-04-12,21.503999710083008,662258000
2022-04-13,22.202999114990234,516943000
2022-04-14,21.257999420166016,569097000
2022-04-18,21.78300094604492,525701000
2022-04-19,22.197999954223636,512781000
2022-04-20,21.48200035095215,468974000
2022-04-21,20.183000564575195,656209000
2022-04-22,19.51499938964844,624713000
2022-04-25,19.902000427246094,641566000
2022-04-26,18.788000106811523,653143000
2022-04-27,18.415000915527344,499460000
2022-04-28,19.78199958801269,570327000
2022-04-29,18.54700088500977,500435000
2022-05-02,19.53300094604492,572049000
2022-05-03,19.601999282836918,475751000
2022-05-04,20.333999633789062,648855000
2022-05-05,18.8439998626709,626331000
2022-05-06,18.674999237060547,633297000
2022-05-09,16.950000762939453,644455000
2022-05-10,17.594999313354492,761474000
2022-05-11,16.6299991607666,670167000
2022-05-12,16.174999237060547,708728000
2022-05-13,17.70599937438965,670437000
2022-05-16,17.263999938964844,521446000
2022-05-17,18.177000045776367,585830000
2022-05-18,16.937999725341797,545161000
2022-05-19,17.124000549316406,621310000
2022-05-20,16.694000244140625,739105000
2022-05-23,16.898000717163086,639889000
2022-05-24,16.15399932861328,588550000
2022-05-25,16.975000381469727,781132000
2022-05-26,17.85099983215332,996575000
2022-05-27,18.81100082397461,738379000
2022-05-31,18.67200088500977,664100000
2022-06-01,18.31999969482422,544514000
2022-06-02,19.59199905395508,648656000
2022-06-03,18.71999931335449,598779000
2022-06-06,18.785999298095703,422406000
2022-06-07,18.926000595092773,388914000
2022-06-08,18.64800071716309,363252000
2022-06-09,18.04800033569336,395574000
2022-06-10,16.974000930786133,465248000
2022-06-13,15.647000312805176,604153000
2022-06-14,15.836000442504885,469680000
2022-06-15,16.527000427246094,563936000
2022-06-16,15.60099983215332,545749000
2022-06-17,15.880000114440918,630334000
2022-06-21,16.56599998474121,483089000
2022-06-22,16.360000610351562,437135000
2022-06-23,16.225000381469727,463680000
2022-06-24,17.125999450683594,472153000
2022-06-27,16.868999481201172,427968000
2022-06-28,15.982000350952148,461149000
2022-06-29,15.541999816894531,482352000
2022-06-30,15.159000396728516,686070000
2022-07-01,14.52299976348877,577610000
2022-07-05,14.96399974822998,651397000
2022-07-06,15.130000114440918,529066000
2022-07-07,15.857999801635742,492903000
2022-07-08,15.838000297546388,467972000
2022-07-11,15.152000427246094,437321000
2022-07-12,15.08199977874756,458483000
2022-07-13,15.163999557495115,521918000
2022-07-14,15.371999740600586,456235000
2022-07-15,15.76200008392334,385935000
2022-07-18,16.10099983215332,670517000
2022-07-19,16.992000579833984,702366000
2022-07-20,17.80699920654297,760538000
2022-07-21,18.049999237060547,557049000
2022-07-22,17.319000244140625,536671000
2022-07-25,17.02400016784668,480748000
2022-07-26,16.533000946044922,397865000
2022-07-27,17.790000915527344,569776000
2022-07-28,17.983999252319336,474646000
2022-07-29,18.163000106811523,435460000
2022-08-01,18.44099998474121,476469000
2022-08-02,18.525999069213867,489527000
2022-08-03,18.89299964904785,418146000
2022-08-04,19.21500015258789,409652000
2022-08-05,18.98900032043457,386068000
2022-08-08,17.792999267578125,981859000
2022-08-09,17.086000442504883,668263000
2022-08-10,18.097000122070312,597422000
2022-08-11,17.941999435424805,509327000
2022-08-12,18.708999633789062,478094000
2022-08-15,19.03199958801269,457666000
2022-08-16,18.878999710083008,451240000
2022-08-17,18.334999084472656,446799000
2022-08-18,18.77300071716309,415447000
2022-08-19,17.849000930786133,441588000
2022-08-22,17.034000396728516,409593000
2022-08-23,17.180999755859375,369986000
2022-08-24,17.222000122070312,522661000
2022-08-25,17.913000106811523,770691000
2022-08-26,16.260000228881836,769127000
2022-08-29,15.800999641418455,496132000
2022-08-30,15.468000411987305,530181000
2022-08-31,15.093999862670898,573710000
2022-09-01,13.937000274658203,1178865000
2022-09-02,13.647000312805176,743157000
2022-09-06,13.46500015258789,535751000
2022-09-07,13.71399974822998,512657000
2022-09-08,13.989999771118164,624873000
2022-09-09,14.38700008392334,486612000
2022-09-12,14.505000114440918,484159000
2022-09-13,13.130999565124512,714956000
2022-09-14,13.128000259399414,588507000
2022-09-15,12.928999900817873,523625000
2022-09-16,13.197999954223633,670751000
2022-09-19,13.381999969482422,569685000
2022-09-20,13.175999641418455,524818000
2022-09-21,13.26099967956543,807679000
2022-09-22,12.560999870300291,759162000
2022-09-23,12.515999794006348,663309000
2022-09-26,12.227999687194824,547343000
2022-09-27,12.413000106811523,553854000
2022-09-28,12.736000061035156,542414000
2022-09-29,12.220000267028809,532763000
2022-09-30,12.138999938964844,565638000
2022-10-03,12.51200008392334,547478000
2022-10-04,13.166999816894531,584182000
2022-10-05,13.208999633789062,507131000
2022-10-06,13.130000114440918,644157000
2022-10-07,12.076000213623049,672478000
2022-10-10,11.670000076293944,698699000
2022-10-11,11.586000442504885,667482000
2022-10-12,11.5,492590000
2022-10-13,11.960000038146973,850103000
2022-10-14,11.22700023651123,713432000
2022-10-17,11.887999534606934,580774000
2022-10-18,11.967000007629396,659362000
2022-10-19,12.050999641418455,523131000
2022-10-20,12.194000244140623,652398000
2022-10-21,12.465999603271484,609494000
2022-10-24,12.598999977111816,517457000
2022-10-25,13.26099967956543,505482000
2022-10-26,12.895999908447266,532953000
2022-10-27,13.175999641418455,583113000
2022-10-28,13.833999633789062,521040000
2022-10-31,13.496999740600586,486341000
2022-11-01,13.54300022125244,432817000
2022-11-02,13.218999862670898,672628000
2022-11-03,13.42099952697754,500065000
2022-11-04,14.156000137329102,612576000
2022-11-07,14.300999641418455,410061000
2022-11-08,14.60200023651123,595292000
2022-11-09,13.776000022888184,454414000
2022-11-10,15.75,700819000
2022-11-11,16.32699966430664,655487000
2022-11-14,16.295000076293945,527852000
2022-11-15,16.666000366210938,545876000
2022-11-16,15.90999984741211,649547000
2022-11-17,15.677000045776367,710894000
2022-11-18,15.409000396728516,492072000
2022-11-21,15.31700038909912,404739000
2022-11-22,16.038000106811523,472866000
2022-11-23,16.518999099731445,427241000
2022-11-25,16.270000457763672,167934000
2022-11-28,15.82699966430664,303741000
2022-11-29,15.638999938964844,298384000
2022-11-30,16.92300033569336,565298000
2022-12-01,17.135000228881836,470977000
2022-12-02,16.875999450683594,371389000
2022-12-05,16.610000610351562,352255000
2022-12-06,15.987000465393066,352694000
2022-12-07,16.1200008392334,372388000
2022-12-08,17.16900062561035,515456000
2022-12-09,17.000999450683594,465338000
2022-12-12,17.53499984741211,457328000
2022-12-13,18.07200050354004,656589000
2022-12-14,17.673999786376953,496888000
2022-12-15,16.95199966430664,478542000
2022-12-16,16.570999145507812,478232000
2022-12-19,16.253999710083008,354039000
2022-12-20,16.084999084472656,403260000
2022-12-21,16.500999450683594,325025000
2022-12-22,15.33899974822998,565045000
2022-12-23,15.206000328063965,349326000
2022-12-27,14.121000289916992,464902000
2022-12-28,14.03600025177002,351066000
2022-12-29,14.602999687194824,354923000
2022-12-30,14.61400032043457,310490000
2023-01-03,14.3149995803833,401277000
2023-01-04,14.74899959564209,431324000
2023-01-05,14.265000343322754,389168000
2023-01-06,14.859000205993652,405044000
2023-01-09,15.628000259399414,504231000
2023-01-10,15.909000396728516,384101000
2023-01-11,16.000999450683594,353285000
2023-01-12,16.51099967956543,551409000
2023-01-13,16.89900016784668,447287000
2023-01-17,17.70199966430664,511102000
2023-01-18,17.37700080871582,439624000
2023-01-19,16.764999389648438,452932000
2023-01-20,17.839000701904297,564967000
2023-01-23,19.19300079345703,655163000
2023-01-24,19.26499938964844,496204000
2023-01-25,19.322999954223636,449537000
2023-01-26,19.802000045776367,489535000
2023-01-27,20.364999771118164,542142000
2023-01-30,19.16200065612793,488611000
2023-01-31,19.53700065612793,498017000
2023-02-01,20.94300079345703,660477000
2023-02-02,21.708999633789062,564276000
2023-02-03,21.100000381469727,429366000
2023-02-06,21.089000701904297,452197000
2023-02-07,22.17300033569336,664150000
2023-02-08,22.20499992370605,559651000
2023-02-09,22.33699989318848,523876000
2023-02-10,21.26499938964844,550737000
2023-02-13,21.788000106811523,474919000
2023-02-14,22.97100067138672,675474000
2023-02-15,22.763999938964844,420575000
2023-02-16,22.00200080871582,412026000
2023-02-17,21.38800048828125,465888000
2023-02-21,20.655000686645508,410015000
2023-02-22,20.753999710083008,513184000
2023-02-23,23.66399955749512,1117995000
2023-02-24,23.285999298095703,589716000
2023-02-27,23.500999450683597,452994000
2023-02-28,23.215999603271484,455963000
2023-03-01,22.697999954223636,460026000
2023-03-02,23.31399917602539,389415000
2023-03-03,23.88999938964844,412393000
2023-03-06,23.554000854492188,437429000
2023-03-07,23.288000106811523,515154000
2023-03-08,24.18099975585937,513573000
2023-03-09,23.43600082397461,501257000
2023-03-10,22.96500015258789,474866000
2023-03-13,22.965999603271484,421890000
2023-03-14,24.0629997253418,474910000
2023-03-15,24.22800064086914,524486000
2023-03-16,25.541000366210938,583253000
2023-03-17,25.725000381469727,848547000
2023-03-20,25.899999618530277,432747000
2023-03-21,26.198999404907227,547408000
2023-03-22,26.468000411987305,797295000
2023-03-23,27.19099998474121,564889000
2023-03-24,26.77899932861328,454920000
2023-03-27,26.5310001373291,361026000
2023-03-28,26.40999984741211,356104000
2023-03-29,26.983999252319336,393694000
2023-03-30,27.382999420166016,364516000
2023-03-31,27.777000427246094,433933000
2023-04-03,27.96500015258789,398716000
2023-04-04,27.452999114990234,368592000
2023-04-05,26.881000518798828,515015000
2023-04-06,27.03700065612793,397654000
2023-04-10,27.57900047302246,395279000
2023-04-11,27.16900062561035,314378000
2023-04-12,26.4950008392334,446259000
2023-04-13,26.46299934387207,353615000
2023-04-14,26.757999420166016,395660000
2023-04-17,27.00200080871582,321471000
2023-04-18,27.66699981689453,604812000
2023-04-19,27.93099975585937,358660000
2023-04-20,27.10400009155273,427713000
2023-04-21,27.11899948120117,345103000
2023-04-24,27.04199981689453,339282000
2023-04-25,26.24099922180176,378527000
2023-04-26,26.95599937438965,406337000
2023-04-27,27.22599983215332,377161000
2023-04-28,27.749000549316406,292216000
2023-05-01,28.90999984741211,570329000
2023-05-02,28.209999084472656,402730000
2023-05-03,27.802000045776367,383387000
2023-05-04,27.562000274658203,321850000
2023-05-05,28.68000030517578,361494000
2023-05-08,29.150999069213867,344979000
2023-05-09,28.57099914550781,314869000
2023-05-10,28.88500022888184,369350000
2023-05-11,28.577999114990234,322149000
2023-05-12,28.34000015258789,274222000
2023-05-15,28.952999114990234,293926000
2023-05-16,29.21299934387207,449405000
2023-05-17,30.17799949645996,432535000
2023-05-18,31.67799949645996,748725000
2023-05-19,31.263999938964844,473908000
2023-05-22,31.176000595092773,372000000
2023-05-23,30.6879997253418,356253000
2023-05-24,30.538000106811523,721419000
2023-05-25,37.97999954223633,1543911000
2023-05-26,38.94599914550781,714397000
2023-05-30,40.11100006103516,923401000
2023-05-31,37.83399963378906,1002580000
2023-06-01,39.77000045776367,635873000
2023-06-02,39.32699966430664,482731000
2023-06-05,39.17100143432617,396094000
2023-06-06,38.65399932861328,388729000
2023-06-07,37.47499847412109,511998000
2023-06-08,38.5099983215332,417772000
2023-06-09,38.77000045776367,427717000
2023-06-12,39.48199844360352,388701000
2023-06-13,41.02199935913086,613208000
2023-06-14,42.99700164794922,740465000
2023-06-15,42.65299987792969,568622000
2023-06-16,42.69200134277344,655709000
2023-06-20,43.80799865722656,451153000
2023-06-21,43.04499816894531,551603000
2023-06-22,43.025001525878906,417737000
2023-06-23,42.20899963378906,358140000
2023-06-26,40.63199996948242,594322000
2023-06-27,41.8759994506836,462175000
2023-06-28,41.117000579833984,582639000
2023-06-29,40.821998596191406,380514000
2023-06-30,42.30199813842773,501148000
2023-07-03,42.41299819946289,198209000
2023-07-05,42.31700134277344,323618000
2023-07-06,42.10300064086914,303582000
2023-07-07,42.50299835205078,355881000
2023-07-10,42.18000030517578,353908000
2023-07-11,42.40499877929688,298244000
2023-07-12,43.902000427246094,481277000
2023-07-13,45.97700119018555,478204000
2023-07-14,45.46900177001953,772075000
2023-07-17,46.46099853515625,510488000
2023-07-18,47.49399948120117,569164000
2023-07-19,47.07699966430664,427502000
2023-07-20,45.52000045776367,537865000
2023-07-21,44.30899810791016,963769000
2023-07-24,44.61199951171875,382516000
2023-07-25,45.67900085449219,348081000
2023-07-26,45.45199966430664,364237000
2023-07-27,45.900001525878906,455976000
2023-07-28,46.75,331194000
2023-07-31,46.729000091552734,251055000
2023-08-01,46.50699996948242,237858000
2023-08-02,44.26900100708008,530142000
2023-08-03,44.51499938964844,324176000
2023-08-04,44.68000030517578,362666000
2023-08-07,45.41699981689453,322154000
2023-08-08,44.66400146484375,353843000
2023-08-09,42.55400085449219,586449000
2023-08-10,42.38800048828125,492705000
2023-08-11,40.85499954223633,533085000
2023-08-14,43.75299835205078,690286000
2023-08-15,43.93999862670898,676512000
2023-08-16,43.48600006103516,527451000
2023-08-17,43.34400177001953,452395000
2023-08-18,43.29899978637695,583768000
2023-08-21,46.96699905395508,692573000
2023-08-22,45.667999267578125,755293000
2023-08-23,47.11600112915039,779046000
2023-08-24,47.16299819946289,1156044000
2023-08-25,46.01800155639648,925341000
2023-08-28,46.834999084472656,685192000
2023-08-29,48.78400039672852,701397000
2023-08-30,49.26399993896485,735206000
2023-08-31,49.35499954223633,528570000
2023-09-01,48.50899887084961,463830000
2023-09-05,48.54800033569336,382653000
2023-09-06,47.06100082397461,468670000
2023-09-07,46.24100112915039,433330000
2023-09-08,45.571998596191406,473069000
2023-09-11,45.178001403808594,473966000
2023-09-12,44.869998931884766,349256000
2023-09-13,45.48500061035156,398355000
2023-09-14,45.58100128173828,370097000
2023-09-15,43.900001525878906,506831000
2023-09-18,43.96599960327149,500271000
2023-09-19,43.52000045776367,373064000
2023-09-20,42.23899841308594,367108000
2023-09-21,41.016998291015625,450736000
2023-09-22,41.61000061035156,479236000
2023-09-25,42.22200012207031,419091000
2023-09-26,41.9109992980957,402282000
2023-09-27,42.46799850463867,444935000
2023-09-28,43.0890007019043,424663000
2023-09-29,43.499000549316406,397830000
2023-10-02,44.78200149536133,433298000
2023-10-03,43.516998291015625,470850000
2023-10-04,44.04100036621094,361821000
2023-10-05,44.6879997253418,393483000
2023-10-06,45.762001037597656,434436000
2023-10-09,45.27299880981445,409675000
2023-10-10,45.79800033569336,368582000
2023-10-11,46.805999755859375,378137000
2023-10-12,46.94499969482422,481325000
2023-10-13,45.46099853515625,474115000
2023-10-16,46.095001220703125,375099000
2023-10-17,43.9379997253418,812333000
2023-10-18,42.19599914550781,627294000
2023-10-19,42.10100173950195,501233000
2023-10-20,41.387001037597656,477266000
2023-10-23,42.97499847412109,478530000
2023-10-24,43.66299819946289,401463000
2023-10-25,41.77899932861328,398379000
2023-10-26,40.32600021362305,541001000
2023-10-27,40.5,416784000
2023-10-30,41.1609992980957,388028000
2023-10-31,40.77999877929688,517969000
2023-11-01,42.32500076293945,437593000
2023-11-02,43.50600051879883,409172000
2023-11-03,45.005001068115234,424610000
2023-11-06,45.7509994506836,400733000
2023-11-07,45.95500183105469,343165000
2023-11-08,46.57400131225586,346719000
2023-11-09,46.95000076293945,540496000
2023-11-10,48.334999084472656,421245000
2023-11-13,48.619998931884766,384136000
2023-11-14,49.65599822998047,416954000
2023-11-15,48.88800048828125,475497000
2023-11-16,49.47999954223633,339756000
2023-11-17,49.29800033569336,325205000
2023-11-20,50.40900039672852,414120000
2023-11-21,49.94400024414063,565747000
2023-11-22,48.71599960327149,899420000
2023-11-24,47.7760009765625,294645000
2023-11-27,48.242000579833984,395662000
2023-11-28,47.82099914550781,401491000
2023-11-29,48.13999938964844,382005000
2023-11-30,46.77000045776367,526247000
2023-12-01,46.76499938964844,369317000
2023-12-04,45.5099983215332,437543000
2023-12-05,46.56600189208984,371718000
2023-12-06,45.50299835205078,380590000
2023-12-07,46.59600067138672,350823000
2023-12-08,47.50600051879883,359224000
2023-12-11,46.62699890136719,509728000
2023-12-12,47.65700149536133,372387000
2023-12-13,48.0880012512207,447792000
2023-12-14,48.34999847412109,391232000
2023-12-15,48.88999938964844,479948000
2023-12-18,50.07699966430664,412587000
2023-12-19,49.604000091552734,464444000
2023-12-20,48.11100006103516,397894000
2023-12-21,48.9900016784668,300425000
2023-12-22,48.83000183105469,252507000
2023-12-26,49.27899932861328,244200000
2023-12-27,49.41699981689453,233648000
2023-12-28,49.52199935913086,246587000
2023-12-29,49.52199935913086,389293000
