Close_3,Close_2,Close_1,Volume_3,Volume_2,Volume_1,Action
39.47999954223633,35.54750061035156,37.06499862670898,148158800,365248800,234428400,1
35.54750061035156,37.06499862670898,36.98249816894531,365248800,234428400,219111200,-1
37.06499862670898,36.98249816894531,37.6875,234428400,219111200,164101200,0
36.98249816894531,37.6875,38.32749938964844,219111200,164101200,180396400,0
37.6875,38.32749938964844,38.45000076293945,164101200,180396400,143122800,0
38.32749938964844,38.45000076293945,38.0724983215332,180396400,143122800,108092800,-1
38.45000076293945,38.0724983215332,37.5,143122800,108092800,129756800,-1
38.0724983215332,37.5,38.26750183105469,108092800,129756800,114843600,0
37.5,38.26750183105469,38.73500061035156,129756800,114843600,122278800,0
38.26750183105469,38.73500061035156,38.96500015258789,114843600,122278800,119284800,0
38.73500061035156,38.96500015258789,39.20500183105469,122278800,119284800,135004000,0
38.96500015258789,39.20500183105469,38.32500076293945,119284800,135004000,121576000,-1
39.20500183105469,38.32500076293945,38.47999954223633,135004000,121576000,92522400,0
38.32500076293945,38.47999954223633,38.17499923706055,121576000,92522400,101766000,-1
38.47999954223633,38.17499923706055,39.43999862670898,92522400,101766000,134142000,1
38.17499923706055,39.43999862670898,39.07500076293945,101766000,134142000,104768400,-1
39.43999862670898,39.07500076293945,38.66999816894531,134142000,104768400,166348800,-1
39.07500076293945,38.66999816894531,41.3125,104768400,166348800,244439200,2
38.66999816894531,41.3125,41.61000061035156,166348800,244439200,162958400,0
41.3125,41.61000061035156,41.630001068115234,244439200,162958400,130672400,0
41.61000061035156,41.630001068115234,42.8125,162958400,130672400,125982000,1
41.630001068115234,42.8125,43.54499816894531,130672400,125982000,144406400,0
42.8125,43.54499816894531,43.560001373291016,125982000,144406400,112958400,0
43.54499816894531,43.560001373291016,42.73500061035156,144406400,112958400,126966800,-1
43.560001373291016,42.73500061035156,42.602500915527344,112958400,126966800,95280000,-1
42.73500061035156,42.602500915527344,42.35749816894531,126966800,95280000,83973600,-1
42.602500915527344,42.35749816894531,42.72249984741211,95280000,83973600,89134000,0
42.35749816894531,42.72249984741211,42.54499816894531,83973600,89134000,89960800,-1
42.72249984741211,42.54499816894531,42.70000076293945,89134000,89960800,87342800,0
42.54499816894531,42.70000076293945,42.60499954223633,89960800,87342800,98507200,-1
42.70000076293945,42.60499954223633,42.73249816894531,87342800,98507200,75891200,0
42.60499954223633,42.73249816894531,43.00749969482422,98507200,75891200,104457600,0
42.73249816894531,43.00749969482422,42.76499938964844,75891200,104457600,68998800,-1
43.00749969482422,42.76499938964844,43.24250030517578,104457600,68998800,75652800,0
42.76499938964844,43.24250030517578,43.557498931884766,68998800,75652800,87493600,0
43.24250030517578,43.557498931884766,43.58250045776367,75652800,87493600,68280800,0
43.557498931884766,43.58250045776367,43.71749877929688,87493600,68280800,111341600,0
43.58250045776367,43.71749877929688,43.28749847412109,68280800,111341600,112861600,-1
43.71749877929688,43.28749847412109,43.74250030517578,111341600,112861600,103544800,0
43.28749847412109,43.74250030517578,43.962501525878906,112861600,103544800,109744800,0
43.74250030517578,43.962501525878906,43.88249969482422,103544800,109744800,78949600,-1
43.962501525878906,43.88249969482422,43.630001068115234,109744800,78949600,83241600,-1
43.88249969482422,43.630001068115234,43.125,78949600,83241600,99185600,-1
43.630001068115234,43.125,43.227500915527344,83241600,99185600,95997600,0
43.125,43.227500915527344,44.72499847412109,99185600,95997600,128044000,1
43.227500915527344,44.72499847412109,45.227500915527344,95997600,128044000,129870400,0
44.72499847412109,45.227500915527344,45.4275016784668,128044000,129870400,124130000,0
45.227500915527344,45.4275016784668,45.932498931884766,129870400,124130000,94318000,0
45.4275016784668,45.932498931884766,46.52999877929688,124130000,94318000,156171600,0
45.932498931884766,46.52999877929688,47.005001068115234,94318000,156171600,104879200,0
46.52999877929688,47.005001068115234,46.63249969482422,156171600,104879200,126585600,-1
47.005001068115234,46.63249969482422,47.040000915527344,104879200,126585600,124140800,0
46.63249969482422,47.040000915527344,48.772499084472656,126585600,124140800,204136800,1
47.040000915527344,48.772499084472656,47.76250076293945,124140800,204136800,169630800,-1
48.772499084472656,47.76250076293945,47.185001373291016,204136800,169630800,175381200,-1
47.76250076293945,47.185001373291016,46.6974983215332,169630800,175381200,199202000,-1
47.185001373291016,46.6974983215332,47.11750030517578,175381200,199202000,119393600,0
46.6974983215332,47.11750030517578,47.18000030517578,199202000,119393600,83121600,0
47.11750030517578,47.18000030517578,47.48749923706055,119393600,83121600,94256000,0
47.18000030517578,47.48749923706055,47.810001373291016,83121600,94256000,111448000,0
47.48749923706055,47.810001373291016,48.505001068115234,94256000,111448000,91062800,0
47.810001373291016,48.505001068115234,48.837501525878906,111448000,91062800,93087200,0
48.505001068115234,48.837501525878906,48.92250061035156,91062800,93087200,76457200,0
48.837501525878906,48.92250061035156,49.25,93087200,76457200,74106400,0
48.92250061035156,49.25,50.025001525878906,76457200,74106400,103526800,0
49.25,50.025001525878906,49.875,74106400,103526800,143072800,-1
50.025001525878906,49.875,50.15499877929688,103526800,143072800,86781200,0
49.875,50.15499877929688,49.73749923706055,143072800,86781200,83603200,-1
50.15499877929688,49.73749923706055,49.71749877929688,86781200,83603200,111042800,-1
49.73749923706055,49.71749877929688,49.807498931884766,83603200,111042800,70146400,0
49.71749877929688,49.807498931884766,49.8125,111042800,70146400,102785600,0
49.807498931884766,49.8125,50.782501220703125,70146400,102785600,115627200,0
49.8125,50.782501220703125,50.96500015258789,102785600,115627200,96783200,0
50.782501220703125,50.96500015258789,51.13249969482422,115627200,96783200,77758000,0
50.96500015258789,51.13249969482422,51.869998931884766,96783200,77758000,93292000,0
51.13249969482422,51.869998931884766,51.790000915527344,77758000,93292000,70162400,-1
51.869998931884766,51.790000915527344,51.31999969482422,93292000,70162400,74172800,-1
51.790000915527344,51.31999969482422,51.07500076293945,70162400,74172800,74596400,-1
51.31999969482422,51.07500076293945,51.15250015258789,74172800,74596400,88818800,0
51.07500076293945,51.15250015258789,50.16749954223633,74596400,88818800,186139600,-1
51.15250015258789,50.16749954223633,52.630001068115234,88818800,186139600,259309200,2
50.16749954223633,52.630001068115234,52.28749847412109,186139600,259309200,127985200,-1
52.630001068115234,52.28749847412109,52.9375,259309200,127985200,83569600,0
52.28749847412109,52.9375,52.119998931884766,127985200,83569600,129772400,-1
52.9375,52.119998931884766,50.71500015258789,83569600,129772400,155054800,-1
52.119998931884766,50.71500015258789,50.72499847412109,129772400,155054800,105358000,0
50.71500015258789,50.72499847412109,50.18000030517578,155054800,105358000,139634400,-1
50.72499847412109,50.18000030517578,49.29499816894531,105358000,139634400,164834800,-1
50.18000030517578,49.29499816894531,46.43000030517578,139634400,164834800,229722400,-1
49.29499816894531,46.43000030517578,47.165000915527344,164834800,229722400,146118800,0
46.43000030517578,47.165000915527344,47.72999954223633,229722400,146118800,106178800,0
47.165000915527344,47.72999954223633,47.52000045776367,146118800,106178800,132125600,-1
47.72999954223633,47.52000045776367,47.25,106178800,132125600,131516400,-1
47.52000045776367,47.25,45.772499084472656,132125600,131516400,154449200,-1
47.25,45.772499084472656,46.650001525878906,131516400,154449200,113459200,0
45.772499084472656,46.650001525878906,45.69499969482422,154449200,113459200,118994400,-1
46.650001525878906,45.69499969482422,44.915000915527344,113459200,118994400,146118800,-1
45.69499969482422,44.915000915527344,44.74250030517578,118994400,146118800,94858800,-1
44.915000915527344,44.74250030517578,44.557498931884766,146118800,94858800,111792800,-1
44.74250030517578,44.557498931884766,44.345001220703125,94858800,111792800,113924800,-1
44.557498931884766,44.345001220703125,44.57500076293945,111792800,113924800,84873600,0
44.345001220703125,44.57500076293945,43.76750183105469,113924800,84873600,108174400,-1
44.57500076293945,43.76750183105469,43.32500076293945,84873600,108174400,161584400,-1
43.76750183105469,43.32500076293945,44.90999984741211,108174400,161584400,123872000,1
43.32500076293945,44.90999984741211,45.6349983215332,161584400,123872000,119093600,0
44.90999984741211,45.6349983215332,46.30500030517578,123872000,119093600,90105200,0
45.6349983215332,46.30500030517578,47.53749847412109,119093600,90105200,122737600,1
46.30500030517578,47.53749847412109,48.14500045776367,90105200,122737600,104883600,0
47.53749847412109,48.14500045776367,48.70249938964844,122737600,104883600,107731600,0
48.14500045776367,48.70249938964844,48.54750061035156,104883600,107731600,73012800,-1
48.70249938964844,48.54750061035156,48.53749847412109,107731600,73012800,86698400,-1
48.54750061035156,48.53749847412109,48.185001373291016,73012800,86698400,75046000,-1
48.53749847412109,48.185001373291016,48.47249984741211,86698400,75046000,58676400,0
48.185001373291016,48.47249984741211,49.61249923706055,75046000,58676400,106204000,1
48.47249984741211,49.61249923706055,49.46749877929688,58676400,106204000,84496800,-1
49.61249923706055,49.46749877929688,49.8650016784668,106204000,84496800,86056000,0
49.46749877929688,49.8650016784668,49.69499969482422,84496800,86056000,191202400,-1
49.8650016784668,49.69499969482422,49.64500045776367,86056000,191202400,72881600,-1
49.69499969482422,49.64500045776367,48.89250183105469,191202400,72881600,84281200,-1
49.64500045776367,48.89250183105469,49.95000076293945,72881600,84281200,104270000,1
48.89250183105469,49.95000076293945,49.935001373291016,84281200,104270000,83598800,-1
49.95000076293945,49.935001373291016,49.47999954223633,104270000,83598800,124442400,-1
49.935001373291016,49.47999954223633,50.38750076293945,83598800,124442400,109012000,0
49.47999954223633,50.38750076293945,50.682498931884766,124442400,109012000,67740800,0
50.38750076293945,50.682498931884766,51.102500915527344,109012000,67740800,45448000,0
50.682498931884766,51.102500915527344,51.057498931884766,67740800,45448000,69062000,-1
51.102500915527344,51.057498931884766,50.005001068115234,45448000,69062000,101354400,-1
51.057498931884766,50.005001068115234,50.310001373291016,69062000,101354400,82312000,0
50.005001068115234,50.310001373291016,50.807498931884766,101354400,82312000,71588400,0
50.310001373291016,50.807498931884766,50.4375,82312000,71588400,80767200,-1
50.807498931884766,50.4375,50.82500076293945,71588400,80767200,70380800,0
50.4375,50.82500076293945,51.3025016784668,80767200,70380800,67789600,0
50.82500076293945,51.3025016784668,51.125,70380800,67789600,67467200,-1
51.3025016784668,51.125,50.837501525878906,67789600,67467200,56430000,-1
51.125,50.837501525878906,51.415000915527344,67467200,56430000,74162400,0
50.837501525878906,51.415000915527344,50.647499084472656,56430000,74162400,83717200,-1
51.415000915527344,50.647499084472656,51.80500030517578,74162400,83717200,89111600,1
50.647499084472656,51.80500030517578,52.209999084472656,83717200,89111600,73420800,0
51.80500030517578,52.209999084472656,52.16749954223633,89111600,73420800,59966400,-1
52.209999084472656,52.16749954223633,51.755001068115234,73420800,59966400,55638400,-1
52.16749954223633,51.755001068115234,51.935001373291016,59966400,55638400,70475600,0
51.755001068115234,51.935001373291016,52.41999816894531,55638400,70475600,86693600,0
51.935001373291016,52.41999816894531,52.19499969482422,70475600,86693600,135742800,-1
52.41999816894531,52.19499969482422,53.2599983215332,86693600,135742800,277125600,1
52.19499969482422,53.2599983215332,52.10749816894531,135742800,277125600,216071600,-1
53.2599983215332,52.10749816894531,51.005001068115234,277125600,216071600,163448400,-1
52.10749816894531,51.005001068115234,48.334999084472656,216071600,163448400,209572000,-1
51.005001068115234,48.334999084472656,49.25,163448400,209572000,143299200,0
48.334999084472656,49.25,49.7599983215332,209572000,143299200,133457600,0
49.25,49.7599983215332,50.85749816894531,143299200,133457600,108038000,1
49.7599983215332,50.85749816894531,50.247501373291016,133457600,108038000,98478800,-1
50.85749816894531,50.247501373291016,50.119998931884766,108038000,98478800,89927600,-1
50.247501373291016,50.119998931884766,52.24250030517578,98478800,89927600,188874000,2
50.119998931884766,52.24250030517578,50.6875,89927600,188874000,146189600,-1
52.24250030517578,50.6875,50.435001373291016,188874000,146189600,108909600,-1
50.6875,50.435001373291016,51.625,146189600,108909600,110481600,1
50.435001373291016,51.625,52.587501525878906,108909600,110481600,97654400,0
51.625,52.587501525878906,52.59000015258789,110481600,97654400,107537200,0
52.587501525878906,52.59000015258789,53.15999984741211,97654400,107537200,86141600,0
52.59000015258789,53.15999984741211,53.1150016784668,107537200,86141600,89014800,-1
53.15999984741211,53.1150016784668,50.65999984741211,86141600,89014800,187272000,-1
53.1150016784668,50.65999984741211,51.622501373291016,89014800,187272000,104174400,0
50.65999984741211,51.622501373291016,51.040000915527344,187272000,104174400,103493200,-1
51.622501373291016,51.040000915527344,51.38249969482422,104174400,103493200,63755200,0
51.040000915527344,51.38249969482422,52.25249862670898,103493200,63755200,83962000,0
51.38249969482422,52.25249862670898,52.185001373291016,63755200,83962000,84573600,-1
52.25249862670898,52.185001373291016,51.42499923706055,83962000,84573600,80092000,-1
52.185001373291016,51.42499923706055,52.29750061035156,84573600,80092000,76752400,0
51.42499923706055,52.29750061035156,53.31999969482422,80092000,76752400,95654800,1
52.29750061035156,53.31999969482422,53.31499862670898,76752400,95654800,77449200,-1
53.31999969482422,53.31499862670898,53.54249954223633,95654800,77449200,109237600,0
53.31499862670898,53.54249954223633,54.17499923706055,77449200,109237600,127111600,0
53.54249954223633,54.17499923706055,55.897499084472656,109237600,127111600,177158400,1
54.17499923706055,55.897499084472656,55.772499084472656,127111600,177158400,128906800,-1
55.897499084472656,55.772499084472656,54.6875,177158400,128906800,159053200,-1
55.772499084472656,54.6875,54.97499847412109,128906800,159053200,84632400,0
54.6875,54.97499847412109,55.17499923706055,159053200,84632400,73274800,0
54.97499847412109,55.17499923706055,55.692501068115234,84632400,73274800,101360000,0
55.17499923706055,55.692501068115234,55.2400016784668,73274800,101360000,88242400,-1
55.692501068115234,55.2400016784668,54.432498931884766,101360000,88242400,221652400,-1
55.2400016784668,54.432498931884766,54.68000030517578,88242400,221652400,76662000,0
54.432498931884766,54.68000030517578,54.41999816894531,221652400,76662000,124763200,-1
54.68000030517578,54.41999816894531,55.25749969482422,76662000,124763200,87613600,0
54.41999816894531,55.25749969482422,54.97249984741211,124763200,87613600,75334000,-1
55.25749969482422,54.97249984741211,54.70500183105469,87613600,75334000,101408000,-1
54.97249984741211,54.70500183105469,55.99250030517578,75334000,101408000,103909600,1
54.70500183105469,55.99250030517578,56.147499084472656,101408000,103909600,139223200,0
55.99250030517578,56.147499084472656,54.7400016784668,103909600,139223200,138449200,-1
56.147499084472656,54.7400016784668,55.20500183105469,139223200,138449200,114426000,0
54.7400016784668,55.20500183105469,56.75249862670898,138449200,114426000,138478800,1
55.20500183105469,56.75249862670898,56.76499938964844,114426000,138478800,122306000,0
56.75249862670898,56.76499938964844,56.09999847412109,138478800,122306000,111820000,-1
56.76499938964844,56.09999847412109,56.75749969482422,122306000,111820000,74770400,0
56.09999847412109,56.75749969482422,57.522499084472656,111820000,74770400,113013600,0
56.75749969482422,57.522499084472656,59.0525016784668,74770400,113013600,166795600,1
57.522499084472656,59.0525016784668,58.96749877929688,113013600,166795600,96427600,-1
59.0525016784668,58.96749877929688,58.83000183105469,166795600,96427600,87360000,-1
58.96749877929688,58.83000183105469,58.59249877929688,96427600,87360000,73903200,-1
58.83000183105469,58.59249877929688,58.81999969482422,87360000,73903200,67585200,0
58.59249877929688,58.81999969482422,59.102500915527344,73903200,67585200,97433600,0
58.81999969482422,59.102500915527344,60.12749862670898,67585200,97433600,87247200,1
59.102500915527344,60.12749862670898,59.9900016784668,97433600,87247200,82293600,-1
60.12749862670898,59.9900016784668,60.79499816894531,87247200,82293600,75828800,0
59.9900016784668,60.79499816894531,60.89500045776367,82293600,75828800,69275200,0
60.79499816894531,60.89500045776367,61.64500045776367,75828800,69275200,73477200,0
60.89500045776367,61.64500045776367,62.26250076293945,69275200,73477200,96572800,0
61.64500045776367,62.26250076293945,60.8224983215332,73477200,96572800,142839600,-1
62.26250076293945,60.8224983215332,60.81499862670898,96572800,142839600,124522000,-1
60.8224983215332,60.81499862670898,62.18999862670898,142839600,124522000,139162000,1
60.81499862670898,62.18999862670898,63.95500183105469,124522000,139162000,151125200,1
62.18999862670898,63.95500183105469,64.375,139162000,151125200,103272000,0
63.95500183105469,64.375,64.28250122070312,151125200,103272000,79897600,-1
64.375,64.28250122070312,64.30999755859375,103272000,79897600,75864400,0
64.28250122070312,64.30999755859375,64.85749816894531,79897600,75864400,94940400,0
64.30999755859375,64.85749816894531,65.03500366210938,75864400,94940400,69986400,0
64.85749816894531,65.03500366210938,65.55000305175781,94940400,69986400,81821200,0
65.03500366210938,65.55000305175781,65.48999786376953,69986400,81821200,87388800,-1
65.55000305175781,65.48999786376953,66.11750030517578,81821200,87388800,102734400,0
65.48999786376953,66.11750030517578,65.66000366210938,87388800,102734400,89182800,-1
66.11750030517578,65.66000366210938,66.44000244140625,102734400,89182800,100206400,0
65.66000366210938,66.44000244140625,66.7750015258789,89182800,100206400,86703200,0
66.44000244140625,66.7750015258789,66.57250213623047,100206400,86703200,76167200,-1
66.7750015258789,66.57250213623047,65.79750061035156,86703200,76167200,106234400,-1
66.57250213623047,65.79750061035156,65.50250244140625,76167200,106234400,121395200,-1
65.79750061035156,65.50250244140625,65.44499969482422,106234400,121395200,65325200,-1
65.50250244140625,65.44499969482422,66.59249877929688,121395200,65325200,84020400,1
65.44499969482422,66.59249877929688,66.07250213623047,65325200,84020400,105207600,-1
66.59249877929688,66.07250213623047,66.95999908447266,84020400,105207600,65235600,0
66.07250213623047,66.95999908447266,66.8125,105207600,65235600,46617600,-1
66.95999908447266,66.8125,66.04000091552734,65235600,46617600,94487200,-1
66.8125,66.04000091552734,64.86250305175781,46617600,94487200,114430400,-1
66.04000091552734,64.86250305175781,65.43499755859375,94487200,114430400,67181600,0
64.86250305175781,65.43499755859375,66.3949966430664,114430400,67181600,74424400,0
65.43499755859375,66.3949966430664,67.67749786376953,67181600,74424400,106075600,1
66.3949966430664,67.67749786376953,66.7300033569336,74424400,106075600,128042400,-1
67.67749786376953,66.7300033569336,67.12000274658203,106075600,128042400,90420400,0
66.7300033569336,67.12000274658203,67.69249725341797,128042400,90420400,78756800,0
67.12000274658203,67.69249725341797,67.86499786376953,90420400,78756800,137310400,0
67.69249725341797,67.86499786376953,68.7874984741211,78756800,137310400,133587600,0
67.86499786376953,68.7874984741211,69.96499633789062,137310400,133587600,128186000,1
68.7874984741211,69.96499633789062,70.10250091552734,133587600,128186000,114158400,0
69.96499633789062,70.10250091552734,69.93499755859375,128186000,114158400,116028400,-1
70.10250091552734,69.93499755859375,70.00499725341797,114158400,116028400,98369200,0
69.93499755859375,70.00499725341797,69.86000061035156,116028400,98369200,275978000,-1
70.00499725341797,69.86000061035156,71.0,98369200,275978000,98572000,1
69.86000061035156,71.0,71.06749725341797,275978000,98572000,48478800,0
71.0,71.06749725341797,72.47750091552734,98572000,48478800,93121200,1
71.06749725341797,72.47750091552734,72.44999694824219,48478800,93121200,146266000,-1
72.47750091552734,72.44999694824219,72.87999725341797,93121200,146266000,144114400,0
72.44999694824219,72.87999725341797,73.4124984741211,146266000,144114400,100805600,0
72.87999725341797,73.4124984741211,75.0875015258789,144114400,100805600,135480400,1
73.4124984741211,75.0875015258789,74.35749816894531,100805600,135480400,146322800,-1
75.0875015258789,74.35749816894531,74.94999694824219,135480400,146322800,118387200,0
74.35749816894531,74.94999694824219,74.59750366210938,146322800,118387200,108872000,-1
74.94999694824219,74.59750366210938,75.79750061035156,118387200,108872000,132079200,1
74.59750366210938,75.79750061035156,77.40750122070312,108872000,132079200,170108400,1
75.79750061035156,77.40750122070312,77.5824966430664,132079200,170108400,140644800,0
77.40750122070312,77.5824966430664,79.23999786376953,170108400,140644800,121532000,1
77.5824966430664,79.23999786376953,78.16999816894531,140644800,121532000,161954400,-1
79.23999786376953,78.16999816894531,77.83499908447266,121532000,161954400,121923600,-1
78.16999816894531,77.83499908447266,78.80999755859375,161954400,121923600,108829200,0
77.83499908447266,78.80999755859375,79.68250274658203,121923600,108829200,137816400,0
78.80999755859375,79.68250274658203,79.14250183105469,108829200,137816400,110843200,-1
79.68250274658203,79.14250183105469,79.42500305175781,137816400,110843200,101832400,0
79.14250183105469,79.42500305175781,79.80750274658203,110843200,101832400,104472000,0
79.42500305175781,79.80750274658203,79.57749938964844,101832400,104472000,146537600,-1
79.80750274658203,79.57749938964844,77.23750305175781,104472000,146537600,161940000,-1
79.57749938964844,77.23750305175781,79.42250061035156,146537600,161940000,162234000,2
77.23750305175781,79.42250061035156,81.08499908447266,161940000,162234000,216229200,1
79.42250061035156,81.08499908447266,80.96749877929688,162234000,216229200,126743200,-1
81.08499908447266,80.96749877929688,77.37750244140625,216229200,126743200,199588400,-1
80.96749877929688,77.37750244140625,77.16500091552734,126743200,199588400,173788400,-1
77.37750244140625,77.16500091552734,79.7125015258789,199588400,173788400,136616400,2
77.16500091552734,79.7125015258789,80.36250305175781,173788400,136616400,118826800,0
79.7125015258789,80.36250305175781,81.30249786376953,136616400,118826800,105425600,0
80.36250305175781,81.30249786376953,80.00749969482422,118826800,105425600,117684000,-1
81.30249786376953,80.00749969482422,80.38749694824219,105425600,117684000,109348800,0
80.00749969482422,80.38749694824219,79.90249633789062,117684000,109348800,94323200,-1
80.38749694824219,79.90249633789062,81.80000305175781,109348800,94323200,113730400,1
79.90249633789062,81.80000305175781,81.21749877929688,94323200,113730400,94747600,-1
81.80000305175781,81.21749877929688,81.23750305175781,113730400,94747600,80113600,0
81.21749877929688,81.23750305175781,79.75,94747600,80113600,152531200,-1
81.23750305175781,79.75,80.90499877929688,80113600,152531200,93984000,1
79.75,80.90499877929688,80.07499694824219,152531200,93984000,100566000,-1
80.90499877929688,80.07499694824219,78.26249694824219,93984000,100566000,129554000,-1
80.07499694824219,78.26249694824219,74.54499816894531,100566000,129554000,222195200,-1
78.26249694824219,74.54499816894531,72.0199966430664,129554000,222195200,230673600,-1
74.54499816894531,72.0199966430664,73.1624984741211,222195200,230673600,198054800,1
72.0199966430664,73.1624984741211,68.37999725341797,230673600,198054800,320605600,-1
73.1624984741211,68.37999725341797,68.33999633789062,198054800,320605600,426510000,-1
68.37999725341797,68.33999633789062,74.70249938964844,320605600,426510000,341397200,2
68.33999633789062,74.70249938964844,72.33000183105469,426510000,341397200,319475600,-1
74.70249938964844,72.33000183105469,75.68499755859375,341397200,319475600,219178400,2
72.33000183105469,75.68499755859375,73.2300033569336,319475600,219178400,187572800,-1
75.68499755859375,73.2300033569336,72.25749969482422,219178400,187572800,226176800,-1
73.2300033569336,72.25749969482422,66.5425033569336,187572800,226176800,286744800,-1
72.25749969482422,66.5425033569336,71.33499908447266,226176800,286744800,285290000,2
66.5425033569336,71.33499908447266,68.85749816894531,286744800,285290000,255598800,-1
71.33499908447266,68.85749816894531,62.057498931884766,285290000,255598800,418474000,-1
68.85749816894531,62.057498931884766,69.49250030517578,255598800,418474000,370732000,2
62.057498931884766,69.49250030517578,60.5525016784668,418474000,370732000,322423600,-1
69.49250030517578,60.5525016784668,63.21500015258789,370732000,322423600,324056000,2
60.5525016784668,63.21500015258789,61.66749954223633,322423600,324056000,300233600,-1
63.21500015258789,61.66749954223633,61.19499969482422,324056000,300233600,271857200,-1
61.66749954223633,61.19499969482422,57.310001373291016,300233600,271857200,401693200,-1
61.19499969482422,57.310001373291016,56.09249877929688,271857200,401693200,336752800,-1
57.310001373291016,56.09249877929688,61.720001220703125,401693200,336752800,287531200,2
56.09249877929688,61.720001220703125,61.380001068115234,336752800,287531200,303602000,-1
61.720001220703125,61.380001068115234,64.61000061035156,287531200,303602000,252087200,2
61.380001068115234,64.61000061035156,61.935001373291016,303602000,252087200,204216800,-1
64.61000061035156,61.935001373291016,63.70249938964844,252087200,204216800,167976400,1
61.935001373291016,63.70249938964844,63.5724983215332,204216800,167976400,197002000,-1
63.70249938964844,63.5724983215332,60.227500915527344,167976400,197002000,176218400,-1
63.5724983215332,60.227500915527344,61.23249816894531,197002000,176218400,165934000,1
60.227500915527344,61.23249816894531,60.352500915527344,176218400,165934000,129880000,-1
61.23249816894531,60.352500915527344,65.61750030517578,165934000,129880000,201820400,2
60.352500915527344,65.61750030517578,64.85749816894531,129880000,201820400,202887200,-1
65.61750030517578,64.85749816894531,66.51750183105469,201820400,202887200,168895200,1
64.85749816894531,66.51750183105469,66.99749755859375,202887200,168895200,161834800,0
66.51750183105469,66.99749755859375,68.3125,168895200,161834800,131022800,1
66.99749755859375,68.3125,71.76249694824219,161834800,131022800,194994800,2
68.3125,71.76249694824219,71.10749816894531,131022800,194994800,131154400,-1
71.76249694824219,71.10749816894531,71.67250061035156,194994800,131154400,157125200,0
71.10749816894531,71.67250061035156,70.69999694824219,131154400,157125200,215250000,-1
71.67250061035156,70.69999694824219,69.23249816894531,157125200,215250000,130015200,-1
70.69999694824219,69.23249816894531,67.09249877929688,215250000,130015200,180991600,-1
69.23249816894531,67.09249877929688,69.0250015258789,130015200,180991600,116862400,1
67.09249877929688,69.0250015258789,68.75749969482422,180991600,116862400,124814400,-1
69.0250015258789,68.75749969482422,70.74250030517578,116862400,124814400,126161200,1
68.75749969482422,70.74250030517578,70.7925033569336,124814400,126161200,117087600,0
70.74250030517578,70.7925033569336,69.6449966430664,126161200,117087600,112004800,-1
70.7925033569336,69.6449966430664,71.93250274658203,117087600,112004800,137280800,2
69.6449966430664,71.93250274658203,73.44999694824219,112004800,137280800,183064000,1
71.93250274658203,73.44999694824219,72.26750183105469,137280800,183064000,240616800,-1
73.44999694824219,72.26750183105469,73.29000091552734,183064000,240616800,133568000,1
72.26750183105469,73.29000091552734,74.38999938964844,240616800,133568000,147751200,1
73.29000091552734,74.38999938964844,75.15750122070312,133568000,147751200,142333600,0
74.38999938964844,75.15750122070312,75.93499755859375,147751200,142333600,115215200,0
75.15750122070312,75.93499755859375,77.53250122070312,142333600,115215200,133838400,1
75.93499755859375,77.53250122070312,78.75250244140625,115215200,133838400,145946400,1
77.53250122070312,78.75250244140625,77.85250091552734,133838400,145946400,162301200,-1
78.75250244140625,77.85250091552734,76.9124984741211,145946400,162301200,200622400,-1
77.85250091552734,76.9124984741211,77.38500213623047,162301200,200622400,158929200,0
76.9124984741211,77.38500213623047,76.92749786376953,200622400,158929200,166348400,-1
77.38500213623047,76.92749786376953,78.73999786376953,158929200,166348400,135178400,1
76.92749786376953,78.73999786376953,78.28500366210938,166348400,135178400,101729600,-1
78.73999786376953,78.28500366210938,79.80750274658203,135178400,101729600,111504800,1
78.28500366210938,79.80750274658203,79.2125015258789,101729600,111504800,102688800,-1
79.80750274658203,79.2125015258789,79.72250366210938,111504800,102688800,81803200,0
79.2125015258789,79.72250366210938,79.18250274658203,102688800,81803200,125522000,-1
79.72250366210938,79.18250274658203,79.52749633789062,81803200,125522000,112945200,0
79.18250274658203,79.52749633789062,79.5625,125522000,112945200,133560800,0
79.52749633789062,79.5625,79.48500061035156,112945200,133560800,153532400,-1
79.5625,79.48500061035156,80.4625015258789,133560800,153532400,80791200,0
79.48500061035156,80.4625015258789,80.83499908447266,153532400,80791200,87642800,0
80.4625015258789,80.83499908447266,81.27999877929688,80791200,87642800,104491200,0
80.83499908447266,81.27999877929688,80.58000183105469,87642800,104491200,87560400,-1
81.27999877929688,80.58000183105469,82.875,104491200,87560400,137250400,2
80.58000183105469,82.875,83.36499786376953,87560400,137250400,95654400,0
82.875,83.36499786376953,85.99749755859375,137250400,95654400,147712400,2
83.36499786376953,85.99749755859375,88.20999908447266,95654400,147712400,166651600,2
85.99749755859375,88.20999908447266,83.9749984741211,147712400,166651600,201662400,-1
88.20999908447266,83.9749984741211,84.69999694824219,166651600,201662400,200146000,0
83.9749984741211,84.69999694824219,85.74749755859375,201662400,200146000,138808800,1
84.69999694824219,85.74749755859375,88.0199966430664,200146000,138808800,165428800,2
85.74749755859375,88.0199966430664,87.89749908447266,138808800,165428800,114406400,-1
88.0199966430664,87.89749908447266,87.93250274658203,165428800,114406400,96820400,0
87.89749908447266,87.93250274658203,87.43000030517578,114406400,96820400,264476000,-1
87.93250274658203,87.43000030517578,89.71749877929688,96820400,264476000,135445200,2
87.43000030517578,89.71749877929688,91.63249969482422,264476000,135445200,212155600,1
89.71749877929688,91.63249969482422,90.01499938964844,135445200,212155600,192623200,-1
91.63249969482422,90.01499938964844,91.20999908447266,212155600,192623200,137522400,1
90.01499938964844,91.20999908447266,88.40750122070312,192623200,137522400,205256800,-1
91.20999908447266,88.40750122070312,90.44499969482422,137522400,205256800,130646000,2
88.40750122070312,90.44499969482422,91.1999969482422,205256800,130646000,140223200,0
90.44499969482422,91.1999969482422,91.02749633789062,130646000,140223200,110737200,-1
91.1999969482422,91.02749633789062,91.02749633789062,140223200,110737200,114041600,0
91.02749633789062,91.02749633789062,93.4625015258789,110737200,114041600,118655600,2
91.02749633789062,93.4625015258789,93.17250061035156,114041600,118655600,112424400,-1
93.4625015258789,93.17250061035156,95.34249877929688,118655600,112424400,117092000,2
93.17250061035156,95.34249877929688,95.75250244140624,112424400,117092000,125642800,0
95.34249877929688,95.75250244140624,95.91999816894533,117092000,125642800,90257200,0
95.75250244140624,95.91999816894533,95.47750091552734,125642800,90257200,191649200,-1
95.91999816894533,95.47750091552734,97.05750274658205,90257200,191649200,170989200,1
95.47750091552734,97.05750274658205,97.7249984741211,191649200,170989200,153198000,0
97.05750274658205,97.7249984741211,96.52249908447266,170989200,153198000,110577600,-1
97.7249984741211,96.52249908447266,96.32749938964844,153198000,110577600,92186800,-1
96.52249908447266,96.32749938964844,98.35749816894533,110577600,92186800,90318000,2
96.32749938964844,98.35749816894533,97.0,92186800,90318000,103433200,-1
98.35749816894533,97.0,97.27249908447266,90318000,103433200,89001600,0
97.0,97.27249908447266,92.84500122070312,103433200,89001600,197004400,-1
97.27249908447266,92.84500122070312,92.61499786376952,89001600,197004400,185438800,-1
92.84500122070312,92.61499786376952,94.80999755859376,197004400,185438800,121214000,2
92.61499786376952,94.80999755859376,93.25250244140624,185438800,121214000,103625600,-1
94.80999755859376,93.25250244140624,95.04000091552734,121214000,103625600,90329200,1
93.25250244140624,95.04000091552734,96.19000244140624,103625600,90329200,158130000,1
95.04000091552734,96.19000244140624,106.26000213623048,90329200,158130000,374336800,2
96.19000244140624,106.26000213623048,108.9375,158130000,374336800,308151200,2
106.26000213623048,108.9375,109.66500091552734,374336800,308151200,173071600,0
108.9375,109.66500091552734,110.0625,308151200,173071600,121776800,0
109.66500091552734,110.0625,113.90249633789062,173071600,121776800,202428800,2
110.0625,113.90249633789062,111.1125030517578,121776800,202428800,198045600,-1
113.90249633789062,111.1125030517578,112.72750091552734,202428800,198045600,212403600,1
111.1125030517578,112.72750091552734,109.375,198045600,212403600,187902400,-1
112.72750091552734,109.375,113.01000213623048,212403600,187902400,165598000,2
109.375,113.01000213623048,115.01000213623048,187902400,165598000,210082000,2
113.01000213623048,115.01000213623048,114.90750122070312,165598000,210082000,165565200,-1
115.01000213623048,114.90750122070312,114.60749816894533,210082000,165565200,119561600,-1
114.90750122070312,114.60749816894533,115.5625,165565200,119561600,105633600,0
114.60749816894533,115.5625,115.7074966430664,119561600,105633600,145538000,0
115.5625,115.7074966430664,118.2750015258789,105633600,145538000,126907200,2
115.7074966430664,118.2750015258789,124.37000274658205,145538000,126907200,338054800,2
118.2750015258789,124.37000274658205,125.85749816894533,126907200,338054800,345937600,1
124.37000274658205,125.85749816894533,124.8249969482422,338054800,345937600,211495600,-1
125.85749816894533,124.8249969482422,126.52249908447266,345937600,211495600,163022400,1
124.8249969482422,126.52249908447266,125.01000213623048,211495600,163022400,155552400,-1
126.52249908447266,125.01000213623048,124.80750274658205,163022400,155552400,187630000,-1
125.01000213623048,124.80750274658205,129.0399932861328,155552400,187630000,225702700,2
124.80750274658205,129.0399932861328,134.17999267578125,187630000,225702700,151948100,2
129.0399932861328,134.17999267578125,131.39999389648438,225702700,151948100,200119000,-1
134.17999267578125,131.39999389648438,120.87999725341795,151948100,200119000,257599600,-1
131.39999389648438,120.87999725341795,120.95999908447266,200119000,257599600,332607200,0
120.87999725341795,120.95999908447266,112.81999969482422,257599600,332607200,231366600,-1
120.95999908447266,112.81999969482422,117.31999969482422,332607200,231366600,176940500,2
112.81999969482422,117.31999969482422,113.48999786376952,231366600,176940500,182274400,-1
117.31999969482422,113.48999786376952,112.0,176940500,182274400,180860300,-1
113.48999786376952,112.0,115.36000061035156,182274400,180860300,140150100,2
112.0,115.36000061035156,115.54000091552734,180860300,140150100,184642000,0
115.36000061035156,115.54000091552734,112.12999725341795,140150100,184642000,154679000,-1
115.54000091552734,112.12999725341795,110.33999633789062,184642000,154679000,178011000,-1
112.12999725341795,110.33999633789062,106.83999633789062,154679000,178011000,287104900,-1
110.33999633789062,106.83999633789062,110.08000183105467,178011000,287104900,195713800,2
106.83999633789062,110.08000183105467,111.80999755859376,287104900,195713800,183055400,1
110.08000183105467,111.80999755859376,107.12000274658205,195713800,183055400,150718700,-1
111.80999755859376,107.12000274658205,108.22000122070312,183055400,150718700,167743300,1
107.12000274658205,108.22000122070312,112.27999877929688,150718700,167743300,149981400,2
108.22000122070312,112.27999877929688,114.95999908447266,167743300,149981400,137672400,2
112.27999877929688,114.95999908447266,114.08999633789062,149981400,137672400,99382200,-1
114.95999908447266,114.08999633789062,115.80999755859376,137672400,99382200,142675200,1
114.08999633789062,115.80999755859376,116.79000091552734,99382200,142675200,116120400,0
115.80999755859376,116.79000091552734,113.0199966430664,142675200,116120400,144712000,-1
116.79000091552734,113.0199966430664,116.5,116120400,144712000,106243800,2
113.0199966430664,116.5,113.16000366210938,144712000,106243800,161498200,-1
116.5,113.16000366210938,115.08000183105467,106243800,161498200,96849000,1
113.16000366210938,115.08000183105467,114.97000122070312,161498200,96849000,83477200,-1
115.08000183105467,114.97000122070312,116.97000122070312,96849000,83477200,100506900,2
114.97000122070312,116.97000122070312,124.4000015258789,83477200,100506900,240226800,2
116.97000122070312,124.4000015258789,121.0999984741211,100506900,240226800,262330500,-1
124.4000015258789,121.0999984741211,121.19000244140624,240226800,262330500,150712000,0
121.0999984741211,121.19000244140624,120.70999908447266,262330500,150712000,112559200,-1
121.19000244140624,120.70999908447266,119.0199966430664,150712000,112559200,115393800,-1
120.70999908447266,119.0199966430664,115.9800033569336,112559200,115393800,120639300,-1
119.0199966430664,115.9800033569336,117.51000213623048,115393800,120639300,124423700,1
115.9800033569336,117.51000213623048,116.87000274658205,120639300,124423700,89946000,-1
117.51000213623048,116.87000274658205,115.75,124423700,89946000,101988000,-1
116.87000274658205,115.75,115.04000091552734,89946000,101988000,82572600,-1
115.75,115.04000091552734,115.0500030517578,101988000,82572600,111850700,0
115.04000091552734,115.0500030517578,116.5999984741211,82572600,111850700,92276800,1
115.0500030517578,116.5999984741211,111.1999969482422,111850700,92276800,143937800,-1
116.5999984741211,111.1999969482422,115.31999969482422,92276800,143937800,146129200,2
111.1999969482422,115.31999969482422,108.86000061035156,143937800,146129200,190272600,-1
115.31999969482422,108.86000061035156,108.7699966430664,146129200,190272600,122866900,-1
108.86000061035156,108.7699966430664,110.44000244140624,190272600,122866900,107624400,1
108.7699966430664,110.44000244140624,114.9499969482422,122866900,107624400,138235500,2
110.44000244140624,114.9499969482422,119.02999877929688,107624400,138235500,126387100,2
114.9499969482422,119.02999877929688,118.69000244140624,138235500,126387100,114457900,-1
119.02999877929688,118.69000244140624,116.31999969482422,126387100,114457900,154515300,-1
118.69000244140624,116.31999969482422,115.97000122070312,114457900,154515300,138023400,-1
116.31999969482422,115.97000122070312,119.48999786376952,154515300,138023400,112295000,2
115.97000122070312,119.48999786376952,119.20999908447266,138023400,112295000,103162300,-1
119.48999786376952,119.20999908447266,119.26000213623048,112295000,103162300,81581900,0
119.20999908447266,119.26000213623048,120.3000030517578,103162300,81581900,91183000,1
119.26000213623048,120.3000030517578,119.38999938964844,81581900,91183000,74271000,-1
120.3000030517578,119.38999938964844,118.02999877929688,91183000,74271000,76322100,-1
119.38999938964844,118.02999877929688,118.63999938964844,74271000,76322100,74113000,0
118.02999877929688,118.63999938964844,117.33999633789062,76322100,74113000,73604300,-1
118.63999938964844,117.33999633789062,113.8499984741211,74113000,73604300,127959300,-1
117.33999633789062,113.8499984741211,115.16999816894533,73604300,127959300,113874200,1
113.8499984741211,115.16999816894533,116.02999877929688,127959300,113874200,76499200,0
115.16999816894533,116.02999877929688,116.58999633789062,113874200,76499200,46691300,0
116.02999877929688,116.58999633789062,119.0500030517578,76499200,46691300,169410200,2
116.58999633789062,119.0500030517578,122.72000122070312,46691300,169410200,127728200,2
119.0500030517578,122.72000122070312,123.08000183105467,169410200,127728200,89004200,0
122.72000122070312,123.08000183105467,122.94000244140624,127728200,89004200,78967600,-1
123.08000183105467,122.94000244140624,122.25,89004200,78967600,78260400,-1
122.94000244140624,122.25,123.75,78967600,78260400,86712000,1
122.25,123.75,124.37999725341795,78260400,86712000,82225500,0
123.75,124.37999725341795,121.77999877929688,86712000,82225500,115089200,-1
124.37999725341795,121.77999877929688,123.23999786376952,82225500,115089200,81312200,1
121.77999877929688,123.23999786376952,122.41000366210938,115089200,81312200,86939800,-1
123.23999786376952,122.41000366210938,121.77999877929688,81312200,86939800,79184500,-1
122.41000366210938,121.77999877929688,127.87999725341795,86939800,79184500,157243700,2
121.77999877929688,127.87999725341795,127.80999755859376,79184500,157243700,98208600,-1
127.87999725341795,127.80999755859376,128.6999969482422,157243700,98208600,94359800,0
127.80999755859376,128.6999969482422,126.66000366210938,98208600,94359800,192541500,-1
128.6999969482422,126.66000366210938,128.22999572753906,94359800,192541500,121251600,1
126.66000366210938,128.22999572753906,131.8800048828125,192541500,121251600,168904800,2
128.22999572753906,131.8800048828125,130.9600067138672,121251600,168904800,88223700,-1
131.8800048828125,130.9600067138672,131.97000122070312,168904800,88223700,54930100,1
130.9600067138672,131.97000122070312,136.69000244140625,88223700,54930100,124486200,2
131.97000122070312,136.69000244140625,134.8699951171875,54930100,124486200,121047300,-1
136.69000244140625,134.8699951171875,133.72000122070312,124486200,121047300,96452100,-1
134.8699951171875,133.72000122070312,132.69000244140625,121047300,96452100,99116600,-1
133.72000122070312,132.69000244140625,129.41000366210938,96452100,99116600,143301900,-1
132.69000244140625,129.41000366210938,131.00999450683594,99116600,143301900,97664900,1
129.41000366210938,131.00999450683594,126.5999984741211,143301900,97664900,155088000,-1
131.00999450683594,126.5999984741211,130.9199981689453,97664900,155088000,109578200,2
126.5999984741211,130.9199981689453,132.0500030517578,155088000,109578200,105158200,1
130.9199981689453,132.0500030517578,128.97999572753906,109578200,105158200,100384500,-1
132.0500030517578,128.97999572753906,128.8000030517578,105158200,100384500,91951100,-1
128.97999572753906,128.8000030517578,130.88999938964844,100384500,91951100,88636800,2
128.8000030517578,130.88999938964844,128.91000366210938,91951100,88636800,90221800,-1
130.88999938964844,128.91000366210938,127.13999938964844,88636800,90221800,111598500,-1
128.91000366210938,127.13999938964844,127.83000183105467,90221800,111598500,90757300,0
127.13999938964844,127.83000183105467,132.02999877929688,111598500,90757300,104319500,2
127.83000183105467,132.02999877929688,136.8699951171875,90757300,104319500,120150900,2
132.02999877929688,136.8699951171875,139.07000732421875,104319500,120150900,114459400,2
136.8699951171875,139.07000732421875,142.9199981689453,120150900,114459400,157611700,2
139.07000732421875,142.9199981689453,143.16000366210938,114459400,157611700,98390600,0
142.9199981689453,143.16000366210938,142.05999755859375,157611700,98390600,140843800,-1
143.16000366210938,142.05999755859375,137.08999633789062,98390600,140843800,142621100,-1
142.05999755859375,137.08999633789062,131.9600067138672,140843800,142621100,177523800,-1
137.08999633789062,131.9600067138672,134.13999938964844,142621100,177523800,106239800,2
131.9600067138672,134.13999938964844,134.99000549316406,177523800,106239800,83305400,0
134.13999938964844,134.99000549316406,133.94000244140625,106239800,83305400,89880900,-1
134.99000549316406,133.94000244140625,137.38999938964844,83305400,89880900,84183100,2
133.94000244140625,137.38999938964844,136.75999450683594,89880900,84183100,75693800,-1
137.38999938964844,136.75999450683594,136.91000366210938,84183100,75693800,71297200,0
136.75999450683594,136.91000366210938,136.00999450683594,75693800,71297200,76774200,-1
136.91000366210938,136.00999450683594,135.38999938964844,71297200,76774200,73046600,-1
136.00999450683594,135.38999938964844,135.1300048828125,76774200,73046600,64280000,-1
135.38999938964844,135.1300048828125,135.3699951171875,73046600,64280000,60145100,0
135.1300048828125,135.3699951171875,133.19000244140625,64280000,60145100,80576300,-1
135.3699951171875,133.19000244140625,130.83999633789062,60145100,80576300,97918500,-1
133.19000244140625,130.83999633789062,129.7100067138672,80576300,97918500,96856700,-1
130.83999633789062,129.7100067138672,129.8699951171875,97918500,96856700,87668800,0
129.7100067138672,129.8699951171875,126.0,96856700,87668800,103916400,-1
129.8699951171875,126.0,125.86000061035156,87668800,103916400,158273000,-1
126.0,125.86000061035156,125.3499984741211,103916400,158273000,111039900,-1
125.86000061035156,125.3499984741211,120.98999786376952,158273000,111039900,148199500,-1
125.3499984741211,120.98999786376952,121.26000213623048,111039900,148199500,164560400,0
120.98999786376952,121.26000213623048,127.79000091552734,148199500,164560400,116307900,2
121.26000213623048,127.79000091552734,125.12000274658205,164560400,116307900,102260900,-1
127.79000091552734,125.12000274658205,122.05999755859376,116307900,102260900,112966300,-1
125.12000274658205,122.05999755859376,120.12999725341795,102260900,112966300,178155000,-1
122.05999755859376,120.12999725341795,121.41999816894533,112966300,178155000,153766600,1
120.12999725341795,121.41999816894533,116.36000061035156,178155000,153766600,154376600,-1
121.41999816894533,116.36000061035156,121.08999633789062,153766600,154376600,129525800,2
116.36000061035156,121.08999633789062,119.9800033569336,154376600,129525800,111943300,-1
121.08999633789062,119.9800033569336,121.95999908447266,129525800,111943300,103026500,1
119.9800033569336,121.95999908447266,121.02999877929688,111943300,103026500,88105100,-1
121.95999908447266,121.02999877929688,123.98999786376952,103026500,88105100,92403800,2
121.02999877929688,123.98999786376952,125.56999969482422,88105100,92403800,115227900,1
123.98999786376952,125.56999969482422,124.76000213623048,92403800,115227900,111932600,-1
125.56999969482422,124.76000213623048,120.52999877929688,115227900,111932600,121229700,-1
124.76000213623048,120.52999877929688,119.98999786376952,111932600,121229700,185549500,-1
120.52999877929688,119.98999786376952,123.38999938964844,121229700,185549500,111912300,2
119.98999786376952,123.38999938964844,122.54000091552734,185549500,111912300,95467100,-1
123.38999938964844,122.54000091552734,120.08999633789062,111912300,95467100,88530500,-1
122.54000091552734,120.08999633789062,120.58999633789062,95467100,88530500,98844700,0
120.08999633789062,120.58999633789062,121.20999908447266,88530500,98844700,94071200,0
120.58999633789062,121.20999908447266,121.38999938964844,98844700,94071200,80819200,0
121.20999908447266,121.38999938964844,119.9000015258789,94071200,80819200,85671900,-1
121.38999938964844,119.9000015258789,122.1500015258789,80819200,85671900,118323800,2
119.9000015258789,122.1500015258789,123.0,85671900,118323800,75089100,0
122.1500015258789,123.0,125.9000015258789,118323800,75089100,88651200,2
123.0,125.9000015258789,126.20999908447266,75089100,88651200,80171300,0
125.9000015258789,126.20999908447266,127.9000015258789,88651200,80171300,83466700,1
126.20999908447266,127.9000015258789,130.36000061035156,80171300,83466700,88844600,2
127.9000015258789,130.36000061035156,133.0,83466700,88844600,106686700,2
130.36000061035156,133.0,131.24000549316406,88844600,106686700,91420000,-1
133.0,131.24000549316406,134.42999267578125,106686700,91420000,91266500,2
131.24000549316406,134.42999267578125,132.02999877929688,91420000,91266500,87222800,-1
134.42999267578125,132.02999877929688,134.5,91266500,87222800,89347100,2
132.02999877929688,134.5,134.16000366210938,87222800,89347100,84922400,-1
134.5,134.16000366210938,134.83999633789062,89347100,84922400,94264200,0
134.16000366210938,134.83999633789062,133.11000061035156,84922400,94264200,94812300,-1
134.83999633789062,133.11000061035156,133.5,94264200,94812300,68847100,0
133.11000061035156,133.5,131.94000244140625,94812300,68847100,84566500,-1
133.5,131.94000244140625,134.32000732421875,68847100,84566500,78657500,2
131.94000244140625,134.32000732421875,134.72000122070312,84566500,78657500,66905100,0
134.32000732421875,134.72000122070312,134.38999938964844,78657500,66905100,66015800,-1
134.72000122070312,134.38999938964844,133.5800018310547,66905100,66015800,107760100,-1
134.38999938964844,133.5800018310547,133.47999572753906,66015800,107760100,151101000,-1
133.5800018310547,133.47999572753906,131.4600067138672,107760100,151101000,109839500,-1
133.47999572753906,131.4600067138672,132.5399932861328,151101000,109839500,75135100,1
131.4600067138672,132.5399932861328,127.8499984741211,109839500,75135100,137564700,-1
132.5399932861328,127.8499984741211,128.10000610351562,75135100,137564700,84000900,0
127.8499984741211,128.10000610351562,129.74000549316406,137564700,84000900,78128300,1
128.10000610351562,129.74000549316406,130.2100067138672,84000900,78128300,78973300,0
129.74000549316406,130.2100067138672,126.8499984741211,78128300,78973300,88071200,-1
130.2100067138672,126.8499984741211,125.91000366210938,78973300,88071200,126142800,-1
126.8499984741211,125.91000366210938,122.7699966430664,88071200,126142800,112172300,-1
125.91000366210938,122.7699966430664,124.97000122070312,126142800,112172300,105861300,2
122.7699966430664,124.97000122070312,127.4499969482422,112172300,105861300,81918000,2
124.97000122070312,127.4499969482422,126.2699966430664,105861300,81918000,74244600,-1
127.4499969482422,126.2699966430664,124.8499984741211,81918000,74244600,63342900,-1
126.2699966430664,124.8499984741211,124.69000244140624,74244600,63342900,92612000,-1
124.8499984741211,124.69000244140624,127.30999755859376,63342900,92612000,76857100,2
124.69000244140624,127.30999755859376,125.43000030517578,92612000,76857100,79295400,-1
127.30999755859376,125.43000030517578,127.0999984741211,76857100,79295400,63092900,1
125.43000030517578,127.0999984741211,126.9000015258789,79295400,63092900,72009500,-1
127.0999984741211,126.9000015258789,126.8499984741211,63092900,72009500,56575900,-1
126.9000015258789,126.8499984741211,125.27999877929688,72009500,56575900,94625600,-1
126.8499984741211,125.27999877929688,124.61000061035156,56575900,94625600,71311100,-1
125.27999877929688,124.61000061035156,124.27999877929688,94625600,71311100,67637100,-1
124.61000061035156,124.27999877929688,125.05999755859376,71311100,67637100,59278900,0
124.27999877929688,125.05999755859376,123.54000091552734,67637100,59278900,76229200,-1
125.05999755859376,123.54000091552734,125.88999938964844,59278900,76229200,75169300,2
123.54000091552734,125.88999938964844,125.9000015258789,76229200,75169300,71057600,0
125.88999938964844,125.9000015258789,126.73999786376952,75169300,71057600,74403800,0
125.9000015258789,126.73999786376952,127.12999725341795,71057600,74403800,56877900,0
126.73999786376952,127.12999725341795,126.11000061035156,74403800,56877900,71186400,-1
127.12999725341795,126.11000061035156,127.3499984741211,56877900,71186400,53522400,1
126.11000061035156,127.3499984741211,130.47999572753906,71186400,53522400,96906500,2
127.3499984741211,130.47999572753906,129.63999938964844,53522400,96906500,62746300,-1
130.47999572753906,129.63999938964844,130.14999389648438,96906500,62746300,91815000,0
129.63999938964844,130.14999389648438,131.7899932861328,62746300,91815000,96721700,1
130.14999389648438,131.7899932861328,130.4600067138672,91815000,96721700,108953300,-1
131.7899932861328,130.4600067138672,132.3000030517578,96721700,108953300,79663300,1
130.4600067138672,132.3000030517578,133.97999572753906,108953300,79663300,74783600,1
132.3000030517578,133.97999572753906,133.6999969482422,79663300,74783600,60214200,-1
133.97999572753906,133.6999969482422,133.41000366210938,74783600,60214200,68711000,-1
133.6999969482422,133.41000366210938,133.11000061035156,60214200,68711000,70783700,-1
133.41000366210938,133.11000061035156,134.77999877929688,68711000,70783700,62111300,1
133.11000061035156,134.77999877929688,136.3300018310547,70783700,62111300,64556100,1
134.77999877929688,136.3300018310547,136.9600067138672,62111300,64556100,63261400,0
136.3300018310547,136.9600067138672,137.27000427246094,64556100,63261400,52485800,0
136.9600067138672,137.27000427246094,139.9600067138672,63261400,52485800,78852600,2
137.27000427246094,139.9600067138672,142.02000427246094,52485800,78852600,108181800,2
139.9600067138672,142.02000427246094,144.57000732421875,78852600,108181800,104911600,2
142.02000427246094,144.57000732421875,143.24000549316406,108181800,104911600,105575500,-1
144.57000732421875,143.24000549316406,145.11000061035156,104911600,105575500,99890800,1
143.24000549316406,145.11000061035156,144.5,105575500,99890800,76299700,-1
145.11000061035156,144.5,145.63999938964844,99890800,76299700,100827100,1
144.5,145.63999938964844,149.14999389648438,76299700,100827100,127050800,2
145.63999938964844,149.14999389648438,148.47999572753906,100827100,127050800,106820300,-1
149.14999389648438,148.47999572753906,146.38999938964844,127050800,106820300,93251400,-1
148.47999572753906,146.38999938964844,142.4499969482422,106820300,93251400,121434600,-1
146.38999938964844,142.4499969482422,146.14999389648438,93251400,121434600,96350000,2
142.4499969482422,146.14999389648438,145.39999389648438,121434600,96350000,74993500,-1
146.14999389648438,145.39999389648438,146.8000030517578,96350000,74993500,77338200,1
145.39999389648438,146.8000030517578,148.55999755859375,74993500,77338200,71447400,1
146.8000030517578,148.55999755859375,148.99000549316406,77338200,71447400,72434100,0
148.55999755859375,148.99000549316406,146.77000427246094,71447400,72434100,104818600,-1
148.99000549316406,146.77000427246094,144.97999572753906,72434100,104818600,118931200,-1
146.77000427246094,144.97999572753906,145.63999938964844,104818600,118931200,56699500,0
144.97999572753906,145.63999938964844,145.86000061035156,118931200,56699500,70440600,0
145.63999938964844,145.86000061035156,145.52000427246094,56699500,70440600,62880000,-1
145.86000061035156,145.52000427246094,147.36000061035156,70440600,62880000,64786600,1
145.52000427246094,147.36000061035156,146.9499969482422,62880000,64786600,56368300,-1
147.36000061035156,146.9499969482422,147.05999755859375,64786600,56368300,46397700,0
146.9499969482422,147.05999755859375,146.13999938964844,56368300,46397700,54126800,-1
147.05999755859375,146.13999938964844,146.08999633789062,46397700,54126800,48908700,-1
146.13999938964844,146.08999633789062,145.60000610351562,54126800,48908700,69023100,-1
146.08999633789062,145.60000610351562,145.86000061035156,48908700,69023100,48493500,0
145.60000610351562,145.86000061035156,148.88999938964844,69023100,48493500,72282600,2
145.86000061035156,148.88999938964844,149.10000610351562,48493500,72282600,59375000,0
148.88999938964844,149.10000610351562,151.1199951171875,72282600,59375000,103296000,2
149.10000610351562,151.1199951171875,150.19000244140625,59375000,103296000,92229700,-1
151.1199951171875,150.19000244140625,146.36000061035156,103296000,92229700,86326000,-1
150.19000244140625,146.36000061035156,146.6999969482422,92229700,86326000,86960300,0
146.36000061035156,146.6999969482422,148.19000244140625,86326000,86960300,60549600,1
146.6999969482422,148.19000244140625,149.7100067138672,86960300,60549600,60131800,1
148.19000244140625,149.7100067138672,149.6199951171875,60549600,60131800,48606400,-1
149.7100067138672,149.6199951171875,148.36000061035156,60131800,48606400,58991300,-1
149.6199951171875,148.36000061035156,147.5399932861328,48606400,58991300,48597200,-1
148.36000061035156,147.5399932861328,148.60000610351562,58991300,48597200,55802400,1
147.5399932861328,148.60000610351562,153.1199951171875,48597200,55802400,90956700,2
148.60000610351562,153.1199951171875,151.8300018310547,55802400,90956700,86453100,-1
153.1199951171875,151.8300018310547,152.50999450683594,90956700,86453100,80313700,0
151.8300018310547,152.50999450683594,153.64999389648438,86453100,80313700,71115500,1
152.50999450683594,153.64999389648438,154.3000030517578,80313700,71115500,57808700,0
153.64999389648438,154.3000030517578,156.69000244140625,71115500,57808700,82278300,2
154.3000030517578,156.69000244140625,155.11000061035156,57808700,82278300,74420200,-1
156.69000244140625,155.11000061035156,154.07000732421875,82278300,74420200,57305700,-1
155.11000061035156,154.07000732421875,148.97000122070312,74420200,57305700,140893200,-1
154.07000732421875,148.97000122070312,149.5500030517578,57305700,140893200,102404300,0
148.97000122070312,149.5500030517578,148.1199951171875,140893200,102404300,109296300,-1
149.5500030517578,148.1199951171875,149.02999877929688,102404300,109296300,83281300,0
148.1199951171875,149.02999877929688,148.7899932861328,109296300,83281300,68034100,-1
149.02999877929688,148.7899932861328,146.05999755859375,83281300,68034100,129868800,-1
148.7899932861328,146.05999755859375,142.94000244140625,68034100,129868800,123478900,-1
146.05999755859375,142.94000244140625,143.42999267578125,129868800,123478900,75834000,0
142.94000244140625,143.42999267578125,145.85000610351562,123478900,75834000,76404300,2
143.42999267578125,145.85000610351562,146.8300018310547,75834000,76404300,64838200,0
145.85000610351562,146.8300018310547,146.9199981689453,76404300,64838200,53477900,0
146.8300018310547,146.9199981689453,145.3699951171875,64838200,53477900,74150700,-1
146.9199981689453,145.3699951171875,141.91000366210938,53477900,74150700,108972300,-1
145.3699951171875,141.91000366210938,142.8300018310547,74150700,108972300,74602000,0
141.91000366210938,142.8300018310547,141.5,108972300,74602000,89056700,-1
142.8300018310547,141.5,142.64999389648438,74602000,89056700,94639600,1
141.5,142.64999389648438,139.13999938964844,89056700,94639600,98322000,-1
142.64999389648438,139.13999938964844,141.11000061035156,94639600,98322000,80861100,1
139.13999938964844,141.11000061035156,142.0,98322000,80861100,83221100,0
141.11000061035156,142.0,143.2899932861328,80861100,83221100,61732700,1
142.0,143.2899932861328,142.89999389648438,83221100,61732700,58773200,-1
143.2899932861328,142.89999389648438,142.80999755859375,61732700,58773200,64452200,-1
142.89999389648438,142.80999755859375,141.50999450683594,58773200,64452200,73035900,-1
142.80999755859375,141.50999450683594,140.91000366210938,64452200,73035900,78762700,-1
141.50999450683594,140.91000366210938,143.75999450683594,73035900,78762700,69907100,2
140.91000366210938,143.75999450683594,144.83999633789062,78762700,69907100,67940300,1
143.75999450683594,144.83999633789062,146.5500030517578,69907100,67940300,85589200,1
144.83999633789062,146.5500030517578,148.75999450683594,67940300,85589200,76378900,2
146.5500030517578,148.75999450683594,149.25999450683594,85589200,76378900,58418800,0
148.75999450683594,149.25999450683594,149.47999572753906,76378900,58418800,61421000,0
149.25999450683594,149.47999572753906,148.69000244140625,58418800,61421000,58883400,-1
149.47999572753906,148.69000244140625,148.63999938964844,61421000,58883400,50720600,-1
148.69000244140625,148.63999938964844,149.32000732421875,58883400,50720600,60893400,0
148.63999938964844,149.32000732421875,148.85000610351562,50720600,60893400,56094900,-1
149.32000732421875,148.85000610351562,152.57000732421875,60893400,56094900,100077900,2
148.85000610351562,152.57000732421875,149.8000030517578,56094900,100077900,124953200,-1
152.57000732421875,149.8000030517578,148.9600067138672,100077900,124953200,74588300,-1
149.8000030517578,148.9600067138672,150.02000427246094,124953200,74588300,69122000,1
148.9600067138672,150.02000427246094,151.49000549316406,74588300,69122000,54511500,1
150.02000427246094,151.49000549316406,150.9600067138672,69122000,54511500,60394600,-1
151.49000549316406,150.9600067138672,151.27999877929688,54511500,60394600,65463900,0
150.9600067138672,151.27999877929688,150.44000244140625,60394600,65463900,55020900,-1
151.27999877929688,150.44000244140625,150.80999755859375,65463900,55020900,56787900,0
150.44000244140625,150.80999755859375,147.9199981689453,55020900,56787900,65187100,-1
150.80999755859375,147.9199981689453,147.8699951171875,56787900,65187100,41000000,-1
147.9199981689453,147.8699951171875,149.99000549316406,65187100,41000000,63804000,2
147.8699951171875,149.99000549316406,150.0,41000000,63804000,59222800,0
149.99000549316406,150.0,151.0,63804000,59222800,59256200,1
150.0,151.0,153.49000549316406,59222800,59256200,88807000,2
151.0,153.49000549316406,157.8699951171875,59256200,88807000,137827700,2
153.49000549316406,157.8699951171875,160.5500030517578,88807000,137827700,117305600,2
157.8699951171875,160.5500030517578,161.02000427246094,137827700,117305600,117467900,0
160.5500030517578,161.02000427246094,161.41000366210938,117305600,117467900,96041900,0
161.02000427246094,161.41000366210938,161.94000244140625,117467900,96041900,69463600,0
161.41000366210938,161.94000244140625,156.80999755859375,96041900,69463600,76959800,-1
161.94000244140625,156.80999755859375,160.24000549316406,69463600,76959800,88748200,2
156.80999755859375,160.24000549316406,165.3000030517578,76959800,88748200,174048100,2
160.24000549316406,165.3000030517578,164.77000427246094,88748200,174048100,152052500,-1
165.3000030517578,164.77000427246094,163.75999450683594,174048100,152052500,136739200,-1
164.77000427246094,163.75999450683594,161.83999633789062,152052500,136739200,118023100,-1
163.75999450683594,161.83999633789062,165.32000732421875,136739200,118023100,107497000,2
161.83999633789062,165.32000732421875,171.17999267578125,118023100,107497000,120405400,2
165.32000732421875,171.17999267578125,175.0800018310547,107497000,120405400,116998900,2
171.17999267578125,175.0800018310547,174.55999755859375,120405400,116998900,108923700,-1
175.0800018310547,174.55999755859375,179.4499969482422,116998900,108923700,115402700,2
174.55999755859375,179.4499969482422,175.74000549316406,108923700,115402700,153237000,-1
179.4499969482422,175.74000549316406,174.3300018310547,115402700,153237000,139380400,-1
175.74000549316406,174.3300018310547,179.3000030517578,153237000,139380400,131063300,2
174.3300018310547,179.3000030517578,172.25999450683594,139380400,131063300,150185800,-1
179.3000030517578,172.25999450683594,171.13999938964844,131063300,150185800,195432700,-1
172.25999450683594,171.13999938964844,169.75,150185800,195432700,107499100,-1
171.13999938964844,169.75,172.99000549316406,195432700,107499100,91185900,2
169.75,172.99000549316406,175.63999938964844,107499100,91185900,92135300,2
172.99000549316406,175.63999938964844,176.27999877929688,91185900,92135300,68356600,0
175.63999938964844,176.27999877929688,180.3300018310547,92135300,68356600,74919600,2
176.27999877929688,180.3300018310547,179.2899932861328,68356600,74919600,79144300,-1
180.3300018310547,179.2899932861328,179.3800048828125,74919600,79144300,62348900,0
179.2899932861328,179.3800048828125,178.1999969482422,79144300,62348900,59773000,-1
179.3800048828125,178.1999969482422,177.57000732421875,62348900,59773000,64062300,-1
178.1999969482422,177.57000732421875,182.009994506836,59773000,64062300,104487900,2
177.57000732421875,182.009994506836,179.6999969482422,64062300,104487900,99310400,-1
182.009994506836,179.6999969482422,174.9199981689453,104487900,99310400,94537600,-1
179.6999969482422,174.9199981689453,172.0,99310400,94537600,96904000,-1
174.9199981689453,172.0,172.1699981689453,94537600,96904000,86709100,0
172.0,172.1699981689453,172.19000244140625,96904000,86709100,106765600,0
172.1699981689453,172.19000244140625,175.0800018310547,86709100,106765600,76138300,2
172.19000244140625,175.0800018310547,175.52999877929688,106765600,76138300,74805200,0
175.0800018310547,175.52999877929688,172.19000244140625,76138300,74805200,84505800,-1
175.52999877929688,172.19000244140625,173.07000732421875,74805200,84505800,80440800,0
172.19000244140625,173.07000732421875,169.8000030517578,84505800,80440800,90956700,-1
173.07000732421875,169.8000030517578,166.22999572753906,80440800,90956700,94815000,-1
169.8000030517578,166.22999572753906,164.50999450683594,90956700,94815000,91420500,-1
166.22999572753906,164.50999450683594,162.41000366210938,94815000,91420500,122848900,-1
164.50999450683594,162.41000366210938,161.6199951171875,91420500,122848900,162294600,-1
162.41000366210938,161.6199951171875,159.77999877929688,122848900,162294600,115798400,-1
161.6199951171875,159.77999877929688,159.69000244140625,162294600,115798400,108275300,-1
159.77999877929688,159.69000244140625,159.22000122070312,115798400,108275300,121954600,-1
159.69000244140625,159.22000122070312,170.3300018310547,108275300,121954600,179935700,2
159.22000122070312,170.3300018310547,174.77999877929688,121954600,179935700,115541600,2
170.3300018310547,174.77999877929688,174.61000061035156,179935700,115541600,86213900,-1
174.77999877929688,174.61000061035156,175.83999633789062,115541600,86213900,84914300,1
174.61000061035156,175.83999633789062,172.89999389648438,86213900,84914300,89418100,-1
175.83999633789062,172.89999389648438,172.38999938964844,84914300,89418100,82465400,-1
172.89999389648438,172.38999938964844,171.66000366210938,89418100,82465400,77251200,-1
172.38999938964844,171.66000366210938,174.8300018310547,82465400,77251200,74829200,2
171.66000366210938,174.8300018310547,176.27999877929688,77251200,74829200,71285000,1
174.8300018310547,176.27999877929688,172.1199951171875,74829200,71285000,90865900,-1
176.27999877929688,172.1199951171875,168.63999938964844,71285000,90865900,98670700,-1
172.1199951171875,168.63999938964844,168.8800048828125,90865900,98670700,86185500,0
168.63999938964844,168.8800048828125,172.7899932861328,98670700,86185500,62527400,2
168.8800048828125,172.7899932861328,172.5500030517578,86185500,62527400,61177400,-1
172.7899932861328,172.5500030517578,168.8800048828125,62527400,61177400,69589300,-1
172.5500030517578,168.8800048828125,167.3000030517578,61177400,69589300,82772700,-1
168.8800048828125,167.3000030517578,164.32000732421875,69589300,82772700,91162800,-1
167.3000030517578,164.32000732421875,160.07000732421875,82772700,91162800,90009200,-1
164.32000732421875,160.07000732421875,162.74000549316406,91162800,90009200,141147500,2
160.07000732421875,162.74000549316406,164.85000610351562,90009200,141147500,91974200,2
162.74000549316406,164.85000610351562,165.1199951171875,141147500,91974200,95056600,0
164.85000610351562,165.1199951171875,163.1999969482422,91974200,95056600,83474400,-1
165.1199951171875,163.1999969482422,166.55999755859375,95056600,83474400,79724800,2
163.1999969482422,166.55999755859375,166.22999572753906,83474400,79724800,76678400,-1
166.55999755859375,166.22999572753906,163.1699981689453,79724800,76678400,83737200,-1
166.22999572753906,163.1699981689453,159.3000030517578,76678400,83737200,96418800,-1
163.1699981689453,159.3000030517578,157.44000244140625,83737200,96418800,131148300,-1
159.3000030517578,157.44000244140625,162.9499969482422,96418800,131148300,91454900,2
157.44000244140625,162.9499969482422,158.52000427246094,131148300,91454900,105342000,-1
162.9499969482422,158.52000427246094,154.72999572753906,91454900,105342000,96970100,-1
158.52000427246094,154.72999572753906,150.6199951171875,105342000,96970100,108732100,-1
154.72999572753906,150.6199951171875,155.08999633789062,96970100,108732100,92964300,2
150.6199951171875,155.08999633789062,159.58999633789062,108732100,92964300,102300200,2
155.08999633789062,159.58999633789062,160.6199951171875,92964300,102300200,75615400,1
159.58999633789062,160.6199951171875,163.97999572753906,102300200,75615400,123511700,2
160.6199951171875,163.97999572753906,165.3800048828125,75615400,123511700,95811400,1
163.97999572753906,165.3800048828125,168.82000732421875,123511700,95811400,81532000,2
165.3800048828125,168.82000732421875,170.2100067138672,95811400,81532000,98062700,1
168.82000732421875,170.2100067138672,174.07000732421875,81532000,98062700,90131400,2
170.2100067138672,174.07000732421875,174.72000122070312,98062700,90131400,80546200,0
174.07000732421875,174.72000122070312,175.60000610351562,90131400,80546200,90371900,0
174.72000122070312,175.60000610351562,178.9600067138672,80546200,90371900,100589400,2
175.60000610351562,178.9600067138672,177.77000427246094,90371900,100589400,92633200,-1
178.9600067138672,177.77000427246094,174.61000061035156,100589400,92633200,103049300,-1
177.77000427246094,174.61000061035156,174.30999755859375,92633200,103049300,78751300,-1
174.61000061035156,174.30999755859375,178.44000244140625,103049300,78751300,76468400,2
174.30999755859375,178.44000244140625,175.05999755859375,78751300,76468400,73401800,-1
178.44000244140625,175.05999755859375,171.8300018310547,76468400,73401800,89058800,-1
175.05999755859375,171.8300018310547,172.13999938964844,73401800,89058800,77594700,0
171.8300018310547,172.13999938964844,170.08999633789062,89058800,77594700,76575500,-1
172.13999938964844,170.08999633789062,165.75,77594700,76575500,72246700,-1
170.08999633789062,165.75,167.66000366210938,76575500,72246700,79265200,1
165.75,167.66000366210938,170.39999389648438,72246700,79265200,70618900,2
167.66000366210938,170.39999389648438,165.2899932861328,79265200,70618900,75329400,-1
170.39999389648438,165.2899932861328,165.07000732421875,70618900,75329400,69023900,-1
165.2899932861328,165.07000732421875,167.39999389648438,75329400,69023900,67723800,2
165.07000732421875,167.39999389648438,167.22999572753906,69023900,67723800,67929800,-1
167.39999389648438,167.22999572753906,166.4199981689453,67723800,67929800,87227800,-1
167.22999572753906,166.4199981689453,161.7899932861328,67929800,87227800,84882400,-1
166.4199981689453,161.7899932861328,162.8800048828125,87227800,84882400,96046400,1
161.7899932861328,162.8800048828125,156.8000030517578,84882400,96046400,95623200,-1
162.8800048828125,156.8000030517578,156.57000732421875,96046400,95623200,88063200,-1
156.8000030517578,156.57000732421875,163.63999938964844,95623200,88063200,130216800,2
156.57000732421875,163.63999938964844,157.64999389648438,88063200,130216800,131747600,-1
163.63999938964844,157.64999389648438,157.9600067138672,130216800,131747600,123055300,0
157.64999389648438,157.9600067138672,159.47999572753906,131747600,123055300,88966500,1
157.9600067138672,159.47999572753906,166.02000427246094,123055300,88966500,108256500,2
159.47999572753906,166.02000427246094,156.77000427246094,88966500,108256500,130525300,-1
166.02000427246094,156.77000427246094,157.27999877929688,108256500,130525300,116124600,0
156.77000427246094,157.27999877929688,152.05999755859375,130525300,116124600,131577900,-1
157.27999877929688,152.05999755859375,154.50999450683594,116124600,131577900,115366700,2
152.05999755859375,154.50999450683594,146.5,131577900,115366700,142689800,-1
154.50999450683594,146.5,142.55999755859375,115366700,142689800,182602000,-1
146.5,142.55999755859375,147.11000061035156,142689800,182602000,113990900,2
142.55999755859375,147.11000061035156,145.5399932861328,182602000,113990900,86643800,-1
147.11000061035156,145.5399932861328,149.24000549316406,113990900,86643800,78336300,2
145.5399932861328,149.24000549316406,140.82000732421875,86643800,78336300,109742900,-1
149.24000549316406,140.82000732421875,137.35000610351562,78336300,109742900,136095600,-1
140.82000732421875,137.35000610351562,137.58999633789062,109742900,136095600,137426100,0
137.35000610351562,137.58999633789062,143.11000061035156,136095600,137426100,117726300,2
137.58999633789062,143.11000061035156,140.36000061035156,137426100,117726300,104132700,-1
143.11000061035156,140.36000061035156,140.52000427246094,117726300,104132700,92482700,0
140.36000061035156,140.52000427246094,143.77999877929688,104132700,92482700,90601500,2
140.52000427246094,143.77999877929688,149.63999938964844,92482700,90601500,90978500,2
143.77999877929688,149.63999938964844,148.83999633789062,90601500,90978500,103718400,-1
149.63999938964844,148.83999633789062,148.7100067138672,90978500,103718400,74286600,-1
148.83999633789062,148.7100067138672,151.2100067138672,103718400,74286600,72348100,2
148.7100067138672,151.2100067138672,145.3800048828125,74286600,72348100,88570300,-1
151.2100067138672,145.3800048828125,146.13999938964844,72348100,88570300,71598400,0
145.3800048828125,146.13999938964844,148.7100067138672,88570300,71598400,67808200,2
146.13999938964844,148.7100067138672,147.9600067138672,71598400,67808200,53950200,-1
148.7100067138672,147.9600067138672,142.63999938964844,67808200,53950200,69473000,-1
147.9600067138672,142.63999938964844,137.1300048828125,53950200,69473000,91437900,-1
142.63999938964844,137.1300048828125,131.8800048828125,69473000,91437900,122207100,-1
137.1300048828125,131.8800048828125,132.75999450683594,91437900,122207100,84784300,0
131.8800048828125,132.75999450683594,135.42999267578125,122207100,84784300,91533000,2
132.75999450683594,135.42999267578125,130.05999755859375,84784300,91533000,108123900,-1
135.42999267578125,130.05999755859375,131.55999755859375,91533000,108123900,134520300,1
130.05999755859375,131.55999755859375,135.8699951171875,108123900,134520300,81000500,2
131.55999755859375,135.8699951171875,135.35000610351562,134520300,81000500,73409200,-1
135.8699951171875,135.35000610351562,138.27000427246094,81000500,73409200,72433800,2
135.35000610351562,138.27000427246094,141.66000366210938,73409200,72433800,89116800,2
138.27000427246094,141.66000366210938,141.66000366210938,72433800,89116800,70207900,0
141.66000366210938,141.66000366210938,137.44000244140625,89116800,70207900,67083400,-1
141.66000366210938,137.44000244140625,139.22999572753906,70207900,67083400,66242400,1
137.44000244140625,139.22999572753906,136.72000122070312,67083400,66242400,98964500,-1
139.22999572753906,136.72000122070312,138.92999267578125,66242400,98964500,71051600,2
136.72000122070312,138.92999267578125,141.55999755859375,98964500,71051600,73353800,2
138.92999267578125,141.55999755859375,142.9199981689453,71051600,73353800,74064300,1
141.55999755859375,142.9199981689453,146.35000610351562,73353800,74064300,66253700,2
142.9199981689453,146.35000610351562,147.0399932861328,74064300,66253700,64547800,0
146.35000610351562,147.0399932861328,144.8699951171875,66253700,64547800,63141600,-1
147.0399932861328,144.8699951171875,145.86000061035156,64547800,63141600,77588800,0
144.8699951171875,145.86000061035156,145.49000549316406,63141600,77588800,71185600,-1
145.86000061035156,145.49000549316406,148.47000122070312,77588800,71185600,78140700,2
145.49000549316406,148.47000122070312,150.1699981689453,71185600,78140700,76259900,1
148.47000122070312,150.1699981689453,147.07000732421875,78140700,76259900,81420900,-1
150.1699981689453,147.07000732421875,151.0,76259900,81420900,82982400,2
147.07000732421875,151.0,153.0399932861328,81420900,82982400,64823400,2
151.0,153.0399932861328,155.35000610351562,82982400,64823400,65086600,2
153.0399932861328,155.35000610351562,154.08999633789062,64823400,65086600,66675400,-1
155.35000610351562,154.08999633789062,152.9499969482422,65086600,66675400,53623900,-1
154.08999633789062,152.9499969482422,151.60000610351562,66675400,53623900,55138700,-1
152.9499969482422,151.60000610351562,156.7899932861328,53623900,55138700,78620700,2
151.60000610351562,156.7899932861328,157.35000610351562,55138700,78620700,81378700,0
156.7899932861328,157.35000610351562,162.50999450683594,78620700,81378700,101786900,2
157.35000610351562,162.50999450683594,161.50999450683594,81378700,101786900,67829400,-1
162.50999450683594,161.50999450683594,160.00999450683594,101786900,67829400,59907000,-1
161.50999450683594,160.00999450683594,166.1300048828125,67829400,59907000,82507500,2
160.00999450683594,166.1300048828125,165.80999755859375,59907000,82507500,55474100,-1
166.1300048828125,165.80999755859375,165.35000610351562,82507500,55474100,56697000,-1
165.80999755859375,165.35000610351562,164.8699951171875,55474100,56697000,60276900,-1
165.35000610351562,164.8699951171875,164.9199981689453,56697000,60276900,63135500,0
164.8699951171875,164.9199981689453,169.24000549316406,60276900,63135500,70170500,2
164.9199981689453,169.24000549316406,168.49000549316406,63135500,70170500,57149200,-1
169.24000549316406,168.49000549316406,172.10000610351562,70170500,57149200,68039400,2
168.49000549316406,172.10000610351562,173.19000244140625,57149200,68039400,54091700,1
172.10000610351562,173.19000244140625,173.02999877929688,68039400,54091700,56377100,-1
173.19000244140625,173.02999877929688,174.5500030517578,54091700,56377100,79542000,1
173.02999877929688,174.5500030517578,174.14999389648438,56377100,79542000,62290100,-1
174.5500030517578,174.14999389648438,171.52000427246094,79542000,62290100,70346300,-1
174.14999389648438,171.52000427246094,167.57000732421875,62290100,70346300,69026800,-1
171.52000427246094,167.57000732421875,167.22999572753906,70346300,69026800,54147100,-1
167.57000732421875,167.22999572753906,167.52999877929688,69026800,54147100,53841500,0
167.22999572753906,167.52999877929688,170.02999877929688,54147100,53841500,51218200,2
167.52999877929688,170.02999877929688,163.6199951171875,53841500,51218200,78961000,-1
170.02999877929688,163.6199951171875,161.3800048828125,51218200,78961000,73314000,-1
163.6199951171875,161.3800048828125,158.91000366210938,78961000,73314000,77906200,-1
161.3800048828125,158.91000366210938,157.22000122070312,73314000,77906200,87991100,-1
158.91000366210938,157.22000122070312,157.9600067138672,77906200,87991100,74229900,0
157.22000122070312,157.9600067138672,155.80999755859375,87991100,74229900,76957800,-1
157.9600067138672,155.80999755859375,154.52999877929688,74229900,76957800,73714800,-1
155.80999755859375,154.52999877929688,155.9600067138672,76957800,73714800,87449600,1
154.52999877929688,155.9600067138672,154.4600067138672,73714800,87449600,84923800,-1
155.9600067138672,154.4600067138672,157.3699951171875,87449600,84923800,68028800,2
154.4600067138672,157.3699951171875,163.42999267578125,84923800,68028800,104956000,2
157.3699951171875,163.42999267578125,153.83999633789062,68028800,104956000,122656600,-1
163.42999267578125,153.83999633789062,155.30999755859375,104956000,122656600,87965400,1
153.83999633789062,155.30999755859375,152.3699951171875,122656600,87965400,90481100,-1
155.30999755859375,152.3699951171875,150.6999969482422,87965400,90481100,162278800,-1
152.3699951171875,150.6999969482422,154.47999572753906,90481100,162278800,81474200,2
150.6999969482422,154.47999572753906,156.89999389648438,162278800,81474200,107689800,2
154.47999572753906,156.89999389648438,153.72000122070312,81474200,107689800,101696800,-1
156.89999389648438,153.72000122070312,152.74000549316406,107689800,101696800,86652500,-1
153.72000122070312,152.74000549316406,150.42999267578125,101696800,86652500,96029900,-1
152.74000549316406,150.42999267578125,150.77000427246094,86652500,96029900,93339400,0
150.42999267578125,150.77000427246094,151.75999450683594,96029900,93339400,84442700,0
150.77000427246094,151.75999450683594,149.83999633789062,93339400,84442700,146691400,-1
151.75999450683594,149.83999633789062,142.47999572753906,84442700,146691400,128138200,-1
149.83999633789062,142.47999572753906,138.1999969482422,146691400,128138200,124925300,-1
142.47999572753906,138.1999969482422,142.4499969482422,128138200,124925300,114311700,2
138.1999969482422,142.4499969482422,146.10000610351562,124925300,114311700,87830100,2
142.4499969482422,146.10000610351562,146.39999389648438,114311700,87830100,79471000,0
146.10000610351562,146.39999389648438,145.42999267578125,87830100,79471000,68402200,-1
146.39999389648438,145.42999267578125,140.08999633789062,79471000,68402200,85925600,-1
145.42999267578125,140.08999633789062,140.4199981689453,68402200,85925600,74899000,0
140.08999633789062,140.4199981689453,138.97999572753906,85925600,74899000,77033700,-1
140.4199981689453,138.97999572753906,138.33999633789062,74899000,77033700,70433700,-1
138.97999572753906,138.33999633789062,142.99000549316406,77033700,70433700,113224000,2
138.33999633789062,142.99000549316406,138.3800048828125,70433700,113224000,88598000,-1
142.99000549316406,138.3800048828125,142.41000366210938,113224000,88598000,85250900,2
138.3800048828125,142.41000366210938,143.75,88598000,85250900,99136600,1
142.41000366210938,143.75,143.86000061035156,85250900,99136600,61758300,0
143.75,143.86000061035156,143.38999938964844,99136600,61758300,64522000,-1
143.86000061035156,143.38999938964844,147.27000427246094,61758300,64522000,86548600,2
143.38999938964844,147.27000427246094,149.4499969482422,64522000,86548600,75981900,2
147.27000427246094,149.4499969482422,152.33999633789062,86548600,75981900,74732300,2
149.4499969482422,152.33999633789062,149.35000610351562,75981900,74732300,88194300,-1
152.33999633789062,149.35000610351562,144.8000030517578,74732300,88194300,109180200,-1
149.35000610351562,144.8000030517578,155.74000549316406,88194300,109180200,164762400,2
144.8000030517578,155.74000549316406,153.33999633789062,109180200,164762400,97943200,-1
155.74000549316406,153.33999633789062,150.64999389648438,164762400,97943200,80379300,-1
153.33999633789062,150.64999389648438,145.02999877929688,97943200,80379300,93604600,-1
150.64999389648438,145.02999877929688,138.8800048828125,80379300,93604600,97918500,-1
145.02999877929688,138.8800048828125,138.3800048828125,93604600,97918500,140814800,-1
138.8800048828125,138.3800048828125,138.9199981689453,97918500,140814800,83374600,0
138.3800048828125,138.9199981689453,139.5,140814800,83374600,89908500,0
138.9199981689453,139.5,134.8699951171875,83374600,89908500,74917800,-1
139.5,134.8699951171875,146.8699951171875,89908500,74917800,118854000,2
134.8699951171875,146.8699951171875,149.6999969482422,74917800,118854000,93979700,2
146.8699951171875,149.6999969482422,148.27999877929688,118854000,93979700,73374100,-1
149.6999969482422,148.27999877929688,150.0399932861328,93979700,73374100,89868300,1
148.27999877929688,150.0399932861328,148.7899932861328,73374100,89868300,64218300,-1
150.0399932861328,148.7899932861328,150.72000122070312,89868300,64218300,80389400,1
148.7899932861328,150.72000122070312,151.2899932861328,64218300,80389400,74829600,0
150.72000122070312,151.2899932861328,148.00999450683594,80389400,74829600,58724100,-1
151.2899932861328,148.00999450683594,150.17999267578125,74829600,58724100,51804100,2
148.00999450683594,150.17999267578125,151.07000732421875,58724100,51804100,58301400,0
150.17999267578125,151.07000732421875,148.11000061035156,51804100,58301400,35195900,-1
151.07000732421875,148.11000061035156,144.22000122070312,58301400,35195900,69246000,-1
148.11000061035156,144.22000122070312,141.1699981689453,35195900,69246000,83763800,-1
144.22000122070312,141.1699981689453,148.02999877929688,69246000,83763800,111380900,2
141.1699981689453,148.02999877929688,148.30999755859375,83763800,111380900,71250400,0
148.02999877929688,148.30999755859375,147.80999755859375,111380900,71250400,65447400,-1
148.30999755859375,147.80999755859375,146.6300048828125,71250400,65447400,68826400,-1
147.80999755859375,146.6300048828125,142.91000366210938,65447400,68826400,64727200,-1
146.6300048828125,142.91000366210938,140.94000244140625,68826400,64727200,69721100,-1
142.91000366210938,140.94000244140625,142.64999389648438,64727200,69721100,62128300,1
140.94000244140625,142.64999389648438,142.16000366210938,69721100,62128300,76097000,-1
142.64999389648438,142.16000366210938,144.49000549316406,62128300,76097000,70462700,2
142.16000366210938,144.49000549316406,145.47000122070312,76097000,70462700,93886200,0
144.49000549316406,145.47000122070312,143.2100067138672,70462700,93886200,82291200,-1
145.47000122070312,143.2100067138672,136.5,93886200,82291200,98931900,-1
143.2100067138672,136.5,134.50999450683594,82291200,98931900,160156900,-1
136.5,134.50999450683594,132.3699951171875,98931900,160156900,79592600,-1
134.50999450683594,132.3699951171875,132.3000030517578,160156900,79592600,77432800,-1
132.3699951171875,132.3000030517578,135.4499969482422,79592600,77432800,85928000,2
132.3000030517578,135.4499969482422,132.22999572753906,77432800,85928000,77852100,-1
135.4499969482422,132.22999572753906,131.86000061035156,85928000,77852100,63814900,-1
132.22999572753906,131.86000061035156,130.02999877929688,77852100,63814900,69007800,-1
131.86000061035156,130.02999877929688,126.04000091552734,63814900,69007800,85438400,-1
130.02999877929688,126.04000091552734,129.61000061035156,69007800,85438400,75703700,2
126.04000091552734,129.61000061035156,129.92999267578125,85438400,75703700,77034200,0
