Date,AAPL_Close,AAPL_Volume,TSLA_Close,TSLA_Volume,MSFT_Close,MSFT_Volume,META_Close,META_Volume,GOOG_Close,GOOG_Volume
2018-01-02,43.064998626708984,102223600,21.368667602539062,65283000,85.94999694824219,22483800,181.4199981689453,18151900,53.25,24752000
2018-01-03,43.057498931884766,118071600,21.149999618530273,67822500,86.3499984741211,26061400,184.6699981689453,16886600,54.124000549316406,28604000
2018-01-04,43.25749969482422,89738400,20.974666595458984,149194500,87.11000061035156,21912000,184.3300018310547,13880900,54.31999969482422,20092000
2018-01-05,43.75,94640000,21.10533332824707,68868000,88.19000244140625,23407100,186.85000610351562,13574500,55.11149978637695,25582000
2018-01-08,43.587501525878906,82271200,22.42733383178711,147891000,88.27999877929688,22113000,188.27999877929688,17994700,55.34700012207031,20952000
2018-01-09,43.58250045776367,86336000,22.246000289916992,107199000,88.22000122070312,19484300,187.8699951171875,12393100,55.3129997253418,18050000
2018-01-10,43.5724983215332,95839600,22.31999969482422,64648500,87.81999969482422,18652200,187.83999633789062,10529900,55.13050079345703,20856000
2018-01-11,43.81999969482422,74670800,22.530000686645508,99682500,88.08000183105469,17808900,187.77000427246094,9588600,55.2760009765625,19566000
2018-01-12,44.272499084472656,101672400,22.4146671295166,72376500,89.5999984741211,24271500,179.3699951171875,77551300,56.112998962402344,34410000
2018-01-16,44.04750061035156,118263600,22.67066764831543,97114500,88.3499984741211,36599700,178.38999938964844,36183800,56.0880012512207,31506000
2018-01-17,44.775001525878906,137547200,23.143999099731445,106552500,90.13999938964844,25621200,177.60000610351562,27992400,56.5989990234375,24052000
2018-01-18,44.814998626708984,124773600,22.971332550048828,85287000,90.0999984741211,24159700,179.8000030517578,23304900,56.489498138427734,23964000
2018-01-19,44.6150016784668,129700400,23.334667205810547,73324500,90.0,36875000,181.2899932861328,26826500,56.8754997253418,35564000
2018-01-22,44.25,108434400,23.437332153320312,93156000,91.61000061035156,23601600,185.3699951171875,21059500,57.79050064086914,32360000
2018-01-23,44.2599983215332,130756400,23.519332885742188,81981000,91.9000015258789,23412800,189.35000610351562,25678800,58.49850082397461,26662000
2018-01-24,43.55500030517578,204420400,23.05933380126953,79312500,91.81999969482422,33277500,186.5500030517578,24334500,58.21200180053711,28332000
2018-01-25,42.77750015258789,166116000,22.50933265686035,101104500,92.33000183105469,26383200,187.47999572753906,17377700,58.51850128173828,29610000
2018-01-26,42.877498626708984,156572000,22.856666564941406,68091000,94.05999755859375,29172200,190.0,17759200,58.79199981689453,40376000
2018-01-29,41.9900016784668,202561600,23.302000045776367,71206500,93.91999816894531,31569900,185.97999572753906,20453200,58.77899932861328,27578000
2018-01-30,41.74250030517578,184192800,23.05466651916504,70765500,92.73999786376953,38635100,187.1199951171875,20858600,58.18450164794922,31126000
2018-01-31,41.85749816894531,129915600,23.62066650390625,93211500,95.01000213623047,48756300,186.88999938964844,43275100,58.49700164794922,30774000
2018-02-01,41.94499969482422,188923200,23.28333282470703,62965500,94.26000213623047,47227900,193.08999633789062,54211300,58.3849983215332,48242000
2018-02-02,40.125,346375200,22.916667938232422,55572000,91.77999877929688,47867800,190.27999877929688,26677500,55.595001220703125,97158000
2018-02-05,39.122501373291016,290954000,22.208667755126953,66961500,88.0,51031500,181.25999450683594,33128200,52.790000915527344,75966000
2018-02-06,40.75749969482422,272975200,22.264667510986328,76326000,91.33000183105469,67998600,185.30999755859375,37758500,54.029998779296875,68960000
2018-02-07,39.8849983215332,206434400,23.0,104538000,89.61000061035156,41107600,180.17999267578125,27601900,52.42900085449219,47384000
2018-02-08,38.787498474121094,217562000,21.01533317565918,154719000,85.01000213623047,55628700,171.5800018310547,38478300,50.07600021362305,57182000
2018-02-09,39.102500915527344,282690400,20.69466781616211,194005500,88.18000030517578,63499100,176.11000061035156,39887600,51.888999938964844,70118000
2018-02-12,40.6775016784668,243278000,21.048667907714844,93417000,89.12999725341797,35720300,176.41000366210938,32092100,52.59700012207031,41154000
2018-02-13,41.084999084472656,130196800,21.577333450317383,68403000,89.83000183105469,26407700,173.14999389648438,21809400,52.60499954223633,25302000
2018-02-14,41.842498779296875,162579600,21.487333297729492,59260500,90.80999755859375,34960900,179.52000427246094,28929700,53.48500061035156,31116000
2018-02-15,43.247501373291016,204588800,22.271333694458008,88693500,92.66000366210938,27823900,179.9600067138672,20922100,54.47600173950195,36868000
2018-02-16,43.10749816894531,160704400,22.365999221801758,84639000,92.0,30596900,177.36000061035156,20645300,54.7400016784668,33590000
2018-02-20,42.962501525878906,135722000,22.31800079345703,60141000,92.72000122070312,30911700,176.00999450683594,21204900,55.12300109863281,28462000
2018-02-21,42.76750183105469,149886400,22.219999313354492,48294000,91.48999786376953,26922500,177.91000366210938,23200800,55.56700134277344,30258000
2018-02-22,43.125,123967600,23.077999114990234,104547000,91.7300033569336,24392800,178.99000549316406,18464200,55.33150100708008,26344000
2018-02-23,43.875,135249600,23.469999313354492,87261000,94.05999755859375,26329200,183.2899932861328,19007300,56.339500427246094,25220000
2018-02-26,44.74250030517578,152648800,23.827999114990234,65100000,95.41999816894531,30199800,184.92999267578125,17599700,57.1875,31182000
2018-02-27,44.59749984741211,155712400,23.39933204650879,71961000,94.19999694824219,25869100,181.4600067138672,15849800,55.91450119018555,35482000
2018-02-28,44.529998779296875,151128400,22.87066650390625,91045500,93.7699966430664,31167300,178.32000732421875,18783000,55.23649978637695,37652000
2018-03-01,43.75,195208000,22.062000274658203,103284000,92.8499984741211,37135600,175.94000244140625,23201600,53.47600173950195,50318000
2018-03-02,44.0525016784668,153816000,22.341333389282227,76392000,93.05000305175781,32830400,176.6199951171875,20025900,53.94599914550781,45432000
2018-03-05,44.20500183105469,113605600,22.22333335876465,57357000,93.63999938964844,23901600,180.39999389648438,16189300,54.54650115966797,24044000
2018-03-06,44.16749954223633,95154000,21.8799991607666,64285500,93.31999969482422,22175800,179.77999877929688,15086800,54.75299835205078,30656000
2018-03-07,43.75749969482422,126814000,22.15333366394043,75109500,93.86000061035156,26716100,183.7100067138672,19097300,55.481998443603516,25850000
2018-03-08,44.23500061035156,95096400,21.940000534057617,53493000,94.43000030517578,25887800,182.33999633789062,17225900,56.29999923706055,27102000
2018-03-09,44.994998931884766,128740800,21.81133270263672,82602000,96.54000091552734,36937300,185.22999572753906,18526300,58.00199890136719,42560000
2018-03-12,45.43000030517578,128828400,23.034000396728516,123960000,96.7699966430664,26073700,184.75999450683594,15301200,58.224998474121094,43446000
2018-03-13,44.99250030517578,126774000,22.78933334350586,89487000,94.41000366210938,35387800,181.8800048828125,18067500,56.90850067138672,38144000
2018-03-14,44.61000061035156,117473600,21.775333404541016,119511000,93.8499984741211,32132000,184.19000244140625,16821700,57.4744987487793,25828000
2018-03-15,44.662498474121094,90975200,21.706666946411133,98472000,94.18000030517578,27611000,183.86000061035156,15614300,57.479000091552734,27908000
2018-03-16,44.505001068115234,157618800,21.42333221435547,91759500,94.5999984741211,49081300,185.08999633789062,24403400,56.7864990234375,61840000
2018-03-19,43.82500076293945,133787200,20.90399932861328,112264500,92.88999938964844,33344100,172.55999755859375,88140100,54.99100112915039,56118000
2018-03-20,43.810001373291016,78597600,20.703332901000977,71464500,93.12999725341797,23075200,168.14999389648438,129851800,54.885501861572266,36638000
2018-03-21,42.817501068115234,148219600,21.101999282836914,89376000,92.4800033569336,24457100,169.38999938964844,106598800,54.54399871826172,37578000
2018-03-22,42.212501525878906,165963200,20.606666564941406,74097000,89.79000091552734,38604700,164.88999938964844,73743000,52.45399856567383,53340000
2018-03-23,41.23500061035156,164115200,20.1026668548584,99823500,87.18000030517578,44068900,159.38999938964844,53609700,51.07849884033203,43134000
2018-03-26,43.192501068115234,150164800,20.278667449951172,125628000,93.77999877929688,56396800,160.05999755859375,126116600,52.660499572753906,53302000
2018-03-27,42.084999084472656,163690400,18.61199951171875,208080000,89.47000122070312,56569000,152.22000122070312,79117000,50.255001068115234,61906000
2018-03-28,41.619998931884766,166674000,17.185333251953125,315021000,89.38999938964844,52501100,153.02999877929688,60029200,50.22800064086914,67386000
2018-03-29,41.94499969482422,153594000,17.742000579833984,227560500,91.2699966430664,45867500,159.7899932861328,59434300,51.589500427246094,54536000
2018-04-02,41.66999816894531,150347200,16.832000732421875,241710000,88.5199966430664,48515400,155.38999938964844,36796000,50.32350158691406,53608000
2018-04-03,42.09749984741211,121112000,17.8353328704834,282666000,89.70999908447266,37213800,156.11000061035156,42543900,50.670501708984375,45502000
2018-04-04,42.90250015258789,138422000,19.12933349609375,298450500,92.33000183105469,35560000,155.10000610351562,49885600,51.25699996948242,49694000
2018-04-05,43.20000076293945,107732800,20.381332397460938,286816500,92.37999725341797,29771900,159.33999633789062,41449600,51.390499114990234,27260000
2018-04-06,42.095001220703125,140021200,19.953332901000977,202804500,90.2300033569336,38026000,157.1999969482422,41644800,50.35200119018555,34928000
2018-04-09,42.51250076293945,116070800,19.310667037963867,153747000,90.7699966430664,31533900,157.92999267578125,34915200,50.772499084472656,35032000
2018-04-10,43.3125,113634400,20.31333351135254,164847000,92.87999725341797,26812000,165.0399932861328,57889300,51.582000732421875,39490000
2018-04-11,43.11000061035156,89726400,20.062000274658203,112243500,91.86000061035156,24872100,166.32000732421875,56144600,50.99850082397461,29678000
2018-04-12,43.53499984741211,91557200,19.60533332824707,114132000,93.58000183105469,26758900,163.8699951171875,38263000,51.6254997253418,27140000
2018-04-13,43.682498931884766,100497200,20.022666931152344,109908000,93.08000183105469,23346100,164.52000427246094,19990600,51.4635009765625,24460000
2018-04-16,43.95500183105469,86313600,19.413999557495117,95077500,94.16999816894531,20288100,164.8300018310547,18119400,51.89899826049805,24224000
2018-04-17,44.560001373291016,106421600,19.179332733154297,105000000,96.06999969482422,26771000,168.66000366210938,22743000,53.70800018310547,46406000
2018-04-18,44.459999084472656,83018000,19.55666732788086,98365500,96.44000244140625,21043300,166.36000061035156,20969600,53.604000091552734,26882000
2018-04-19,43.20000076293945,139235200,20.005332946777344,91359000,96.11000061035156,23552500,168.10000610351562,22235000,54.3849983215332,34954000
2018-04-20,41.43000030517578,261964400,19.349332809448242,84418500,95.0,31154400,166.27999877929688,19119400,53.64799880981445,37794000
2018-04-23,41.310001373291016,146062000,18.891332626342773,73401000,95.3499984741211,22331800,165.83999633789062,23088100,53.372501373291016,46826000
2018-04-24,40.73500061035156,134768000,18.8973331451416,85279500,93.12000274658203,34524800,159.69000244140625,35079900,50.999000549316406,95206000
2018-04-25,40.912498474121094,113528400,18.71266746520996,60204000,92.30999755859375,33729300,159.69000244140625,41083600,51.058998107910156,47822000
2018-04-26,41.05500030517578,111852000,19.031999588012695,65340000,94.26000213623047,42529000,174.16000366210938,77556900,52.00199890136719,41590000
2018-04-27,40.58000183105469,142623200,19.60533332824707,65469000,95.81999969482422,48272800,173.58999633789062,29804700,51.502498626708984,32396000
2018-04-30,41.314998626708984,169709600,19.593332290649414,63423000,93.5199966430664,41523600,172.0,20750500,50.86650085449219,33426000
2018-05-01,42.275001525878906,214277600,19.994667053222656,69384000,95.0,31408900,173.86000061035156,26025900,51.865501403808594,28558000
2018-05-02,44.14250183105469,266157600,20.07666778564453,134556000,93.51000213623047,27471000,176.07000732421875,30424500,51.21900177001953,32062000
2018-05-03,44.22249984741211,136272800,18.963333129882812,260281500,94.06999969482422,31142500,174.02000427246094,24026100,51.18600082397461,36302000
2018-05-04,45.95750045776367,224805200,19.606000900268555,128541000,95.16000366210938,22531300,176.61000061035156,17677800,52.410499572753906,38774000
2018-05-07,46.290000915527344,169805600,20.184667587280273,130173000,96.22000122070312,24242000,177.97000122070312,18697200,52.739498138427734,29322000
2018-05-08,46.51250076293945,113611200,20.131332397460938,88950000,95.80999755859375,23484600,178.9199981689453,15577200,52.695499420166016,24354000
2018-05-09,46.84000015258789,92844800,20.456666946411133,85911000,96.94000244140625,27327400,182.66000366210938,23282800,54.13800048828125,40656000
2018-05-10,47.5099983215332,111957200,20.334667205810547,84774000,97.91000366210938,22388100,185.52999877929688,21071400,54.878501892089844,28860000
2018-05-11,47.147499084472656,104848800,20.070667266845703,70194000,97.69999694824219,16778300,186.99000549316406,21207800,54.91299819946289,25074000
2018-05-14,47.037498474121094,83115200,19.46466636657715,109302000,98.02999877929688,19454100,186.63999938964844,15646700,55.0099983215332,30362000
2018-05-15,46.61000061035156,94780800,18.94533348083496,142788000,97.31999969482422,24594000,184.32000732421875,15429400,53.96149826049805,29898000
2018-05-16,47.04499816894531,76732400,19.09866714477539,85110000,97.1500015258789,17384700,183.1999969482422,16975500,54.0885009765625,21946000
2018-05-17,46.747501373291016,69176000,18.96933364868164,66309000,96.18000030517578,17246700,183.75999450683594,14840700,53.929500579833984,20876000
2018-05-18,46.57749938964844,73190800,18.454666137695312,108778500,96.36000061035156,17865800,182.67999267578125,13130500,53.31800079345703,31304000
2018-05-21,46.907501220703125,73603200,18.965999603271484,137739000,97.5999984741211,19422500,184.49000549316406,13532900,53.979000091552734,20464000
2018-05-22,46.790000915527344,60962800,18.333999633789062,134187000,97.5,15441200,183.8000030517578,12731400,53.48649978637695,21800000
2018-05-23,47.09000015258789,80233600,18.60466766357422,89776500,98.66000366210938,21251200,186.89999389648438,16628100,53.984500885009766,21214000
2018-05-24,47.037498474121094,92936000,18.523332595825195,62650500,98.30999755859375,26649300,185.92999267578125,12354700,53.96200180053711,15336000
2018-05-25,47.14500045776367,69844000,18.59000015258789,58126500,98.36000061035156,18363900,184.9199981689453,10965100,53.78300094604492,17988000
2018-05-29,46.974998474121094,90056400,18.917333602905273,84999000,98.01000213623047,28671000,185.74000549316406,16398900,53.01599884033203,37302000
2018-05-30,46.875,74762000,19.447999954223633,112345500,98.94999694824219,22158500,187.6699981689453,13736900,53.38999938964844,22770000
2018-05-31,46.717498779296875,109931200,18.98200035095215,88795500,98.83999633789062,34140900,191.77999877929688,30782600,54.2495002746582,61766000
2018-06-01,47.560001373291016,93770000,19.454666137695312,81366000,100.79000091552734,28655600,193.99000549316406,17307200,55.974998474121094,48432000
2018-06-04,47.95750045776367,105064800,19.78266716003418,71967000,101.66999816894531,27281600,193.27999877929688,18939800,56.964500427246094,37792000
2018-06-05,48.32749938964844,86264000,19.408666610717773,89928000,102.19000244140625,23514400,192.94000244140625,15544300,56.983001708984375,33560000
2018-06-06,48.494998931884766,83734400,21.299999237060547,281509500,102.48999786376953,21122900,191.33999633789062,22558900,56.84400177001953,33964000
2018-06-07,48.3650016784668,85388800,21.07266616821289,215179500,100.87999725341797,28232200,188.17999267578125,21503200,56.19300079345703,30400000
2018-06-08,47.92499923706055,106627200,21.17733383178711,123078000,101.62999725341797,22165100,189.10000610351562,12677100,56.04349899291992,25816000
2018-06-11,47.807498931884766,73234000,22.139999389648438,197752500,101.05000305175781,23490900,191.5399932861328,12928900,56.4995002746582,21586000
2018-06-12,48.06999969482422,67644400,22.851333618164062,335211000,101.30999755859375,18325200,192.39999389648438,11562700,56.965999603271484,18240000
2018-06-13,47.67499923706055,86553600,22.985332489013672,142047000,100.8499984741211,29492900,192.41000366210938,15853800,56.739498138427734,30128000
2018-06-14,47.70000076293945,86440400,23.847999572753906,164715000,101.41999816894531,25691800,196.80999755859375,19120900,57.60599899291992,26868000
2018-06-15,47.209999084472656,246876800,23.878000259399414,162724500,100.12999725341797,65738600,195.85000610351562,21860900,57.612998962402344,42450000
2018-06-18,47.185001373291016,73939600,24.722000122070312,181098000,100.86000061035156,23586000,198.30999755859375,16826000,58.67300033569336,28274000
2018-06-19,46.42250061035156,134314000,23.503332138061523,191428500,100.86000061035156,28653100,197.49000549316406,19994000,58.40299987792969,32420000
2018-06-20,46.625,82514800,24.148000717163086,125755500,101.87000274658203,26180800,202.0,28230900,58.492000579833984,32970000
2018-06-21,46.3650016784668,102847600,23.167333602905273,119506500,101.13999938964844,23198200,201.5,19045700,57.882999420166016,24762000
2018-06-22,46.22999954223633,108801600,22.242000579833984,153991500,100.41000366210938,38923100,201.74000549316406,17420200,57.77399826049805,26220000
2018-06-25,45.54249954223633,126652400,22.200666427612305,103969500,98.38999938964844,35433300,196.35000610351562,25275100,56.240501403808594,43146000
2018-06-26,46.10749816894531,98276800,22.799999237060547,111787500,99.08000183105469,26897200,199.0,17897600,55.92300033569336,31264000
2018-06-27,46.040000915527344,101141200,22.96666717529297,125005500,97.54000091552734,31298400,195.83999633789062,18734400,55.19900131225586,25878000
2018-06-28,46.375,69460800,23.32866668701172,125970000,98.62999725341797,26650700,196.22999572753906,18172400,55.71099853515625,21448000
2018-06-29,46.27750015258789,90950800,22.863332748413086,97386000,98.61000061035156,28053200,194.32000732421875,15811600,55.782501220703125,26302000
2018-07-02,46.79499816894531,70925200,22.33799934387207,281397000,100.01000213623047,19564500,197.36000061035156,13961600,56.37300109863281,24346000
2018-07-03,45.97999954223633,55819200,20.724000930786133,184239000,99.05000305175781,14670300,192.72999572753906,13489500,55.144500732421875,13580000
2018-07-05,46.349998474121094,66416800,20.610666275024414,262146000,99.76000213623047,18977400,198.4499969482422,19684200,56.2135009765625,21334000
2018-07-06,46.99250030517578,69940800,20.593332290649414,132982500,101.16000366210938,19234600,203.22999572753906,19740100,57.00849914550781,19922000
2018-07-09,47.64500045776367,79026400,21.233999252319336,113952000,101.8499984741211,18212000,204.74000549316406,18149400,57.70249938964844,18180000
2018-07-10,47.587501525878906,63756400,21.49799919128418,142072500,102.12000274658203,19293100,203.5399932861328,13190100,57.641998291015625,15968000
2018-07-11,46.970001220703125,75326000,21.263999938964844,73261500,101.9800033569336,19644600,202.5399932861328,12927400,57.69499969482422,22400000
2018-07-12,47.75749969482422,72164400,21.11400032043457,85818000,104.19000244140625,24335900,206.9199981689453,15454700,59.17399978637695,25038000
2018-07-13,47.83250045776367,50055600,21.257999420166016,88047000,105.43000030517578,24635200,207.32000732421875,11486800,59.441001892089844,24438000
2018-07-16,47.727500915527344,60172400,20.67333221435547,117280500,104.91000366210938,21786900,207.22999572753906,11078200,59.19300079345703,21114000
2018-07-17,47.86249923706055,62138000,21.512666702270508,104943000,105.94999694824219,25901700,209.99000549316406,15349900,59.939998626708984,32208000
2018-07-18,47.599998474121094,65573600,21.59000015258789,84363000,105.12000274658203,29493900,209.36000061035156,15334900,59.79399871826172,27872000
2018-07-19,47.970001220703125,81147200,21.34866714477539,88729500,104.4000015258789,40171600,208.08999633789062,11350400,59.347999572753906,25534000
2018-07-20,47.86000061035156,82704800,20.905332565307617,77433000,106.2699966430664,56004000,209.94000244140625,16163900,59.24549865722656,24948000
2018-07-23,47.90250015258789,63957600,20.213333129882812,164893500,107.97000122070312,29707000,210.91000366210938,16732000,60.275001525878906,52384000
2018-07-24,48.25,74791600,19.82866668701172,143862000,107.66000366210938,26316600,214.6699981689453,28468700,62.40399932861328,66364000
2018-07-25,48.70500183105469,66839600,20.582666397094727,106131000,110.83000183105469,30702100,217.5,58954200,63.185001373291016,42556000
2018-07-26,48.5525016784668,76304000,20.44333267211914,69457500,109.62000274658203,31372100,176.25999450683594,169803700,63.416500091552734,48112000
2018-07-27,47.744998931884766,96096000,19.812000274658203,85549500,107.68000030517578,37005300,174.88999938964844,60073700,61.92499923706055,42612000
2018-07-30,47.477500915527344,84118000,19.344667434692383,102211500,105.37000274658203,34668300,171.05999755859375,65280800,60.98699951171875,36998000
2018-07-31,47.5724983215332,157492000,19.875999450683594,76153500,106.08000183105469,27655200,172.5800018310547,40356500,60.862998962402344,32894000
2018-08-01,50.375,271742800,20.055999755859375,151941000,106.27999877929688,23628700,171.64999389648438,34042100,61.0004997253418,31344000
2018-08-02,51.84749984741211,249616000,23.30266761779785,348225000,107.56999969482422,26104300,176.3699951171875,32400000,61.307498931884766,30626000
2018-08-03,51.997501373291016,133789600,23.211332321166992,204847500,108.04000091552734,18659600,177.77999877929688,24763400,61.18550109863281,21792000
2018-08-06,52.26750183105469,101701600,22.799333572387695,128464500,108.12999725341797,20265900,185.69000244140625,49716200,61.23849868774414,21634000
2018-08-07,51.77750015258789,102349600,25.30466651916504,463137000,108.87999725341797,16080200,183.80999755859375,33398600,62.111000061035156,29880000
2018-08-08,51.8125,90102000,24.689332962036133,368568000,109.48999786376953,15487500,185.17999267578125,22205200,62.28049850463867,27406000
2018-08-09,52.220001220703125,93970400,23.496667861938477,257757000,109.66999816894531,13677200,183.08999633789062,19732100,62.45500183105469,16972000
2018-08-10,51.88249969482422,98444800,23.69933319091797,173280000,109.0,18183700,180.25999450683594,21500400,61.88050079345703,22174000
2018-08-13,52.217498779296875,103563600,23.76066780090332,156958500,108.20999908447266,18472500,180.0500030517578,17423300,61.7504997253418,19946000
2018-08-14,52.4375,82992000,23.176000595092773,104796000,109.55999755859375,16788300,181.11000061035156,19102000,62.10499954223633,26962000
2018-08-15,52.560001373291016,115230400,22.57933235168457,136519500,107.66000366210938,29982800,179.52999877929688,33020200,60.71900177001953,36576000
2018-08-16,53.33000183105469,114001600,22.363332748413086,90960000,107.63999938964844,21384300,174.6999969482422,31351800,60.324501037597656,26864000
2018-08-17,54.39500045776367,141708000,20.366666793823242,284379000,107.58000183105469,18061500,173.8000030517578,24893200,60.04800033569336,27792000
2018-08-20,53.8650016784668,121150800,20.562667846679688,261034500,106.87000274658203,17914200,172.5,21518000,60.38850021362305,17416000
2018-08-21,53.7599983215332,104639200,21.459999084472656,197583000,105.9800033569336,22881900,172.6199951171875,19578500,60.08100128173828,24112000
2018-08-22,53.76250076293945,76072400,21.44266700744629,89190000,107.05999755859375,18000600,173.63999938964844,16894100,60.36650085449219,17748000
2018-08-23,53.872501373291016,75532800,21.34000015258789,77209500,107.55999755859375,18167700,172.89999389648438,18053600,60.26900100708008,19852000
2018-08-24,54.040000915527344,73905600,21.521333694458008,54039000,108.4000015258789,17234000,174.64999389648438,14631600,61.032501220703125,18932000
2018-08-27,54.48500061035156,82100400,21.284666061401367,196189500,109.5999984741211,19662300,177.4600067138672,17921900,62.090999603271484,23126000
2018-08-28,54.92499923706055,91107200,20.790666580200195,114736500,110.26000213623047,19151500,176.25999450683594,15910700,61.557498931884766,26080000
2018-08-29,55.744998931884766,109019200,20.333999633789062,111711000,112.0199966430664,20818000,175.89999389648438,18494100,62.46500015258789,25978000
2018-08-30,56.25749969482422,195175200,20.209999084472656,108250500,111.94999694824219,22798700,177.63999938964844,24216500,61.95600128173828,26628000
2018-08-31,56.907501220703125,173360400,20.110666275024414,80626500,112.33000183105469,23222700,175.72999572753906,18065200,60.90950012207031,36328000
2018-09-04,57.09000015258789,109560400,19.26333236694336,125257500,111.70999908447266,22634600,171.16000366210938,29809000,59.849998474121094,36620000
2018-09-05,56.717498779296875,133332000,18.715999603271484,115812000,108.48999786376953,32872400,167.17999267578125,31226700,59.32400131225586,41226000
2018-09-06,55.775001525878906,137160000,18.729999542236328,112212000,108.73999786376953,23477600,162.52999877929688,41514800,58.571998596191406,37770000
2018-09-07,55.32500076293945,150479200,17.549333572387695,337378500,108.20999908447266,22498600,163.0399932861328,24300600,58.24150085449219,28026000
2018-09-10,54.58250045776367,158066000,19.03333282470703,214252500,109.37999725341797,20727900,164.17999267578125,20197700,58.231998443603516,22308000
2018-09-11,55.962501525878906,142996000,18.62933349609375,137550000,111.23999786376953,24301800,165.94000244140625,20457100,58.86800003051758,24186000
2018-09-12,55.26750183105469,197114800,19.369333267211914,150231000,111.70999908447266,18891100,162.0,24078100,58.14099884033203,25910000
2018-09-13,56.602500915527344,166825600,19.297332763671875,95104500,112.91000366210938,26055600,161.36000061035156,25453800,58.76649856567383,28624000
2018-09-14,55.959999084472656,127997200,19.68000030517578,101484000,113.37000274658203,19122300,162.32000732421875,21770400,58.62649917602539,18880000
2018-09-17,54.470001220703125,148780400,19.6560001373291,103314000,112.13999938964844,20736500,160.5800018310547,21005300,57.8025016784668,26130000
2018-09-18,54.560001373291016,126286800,18.997333526611328,248212500,113.20999908447266,22170900,160.3000030517578,22465200,58.06100082397461,24072000
2018-09-19,54.592498779296875,108495200,19.934667587280273,124423500,111.69999694824219,21728400,163.05999755859375,19629000,58.554500579833984,23828000
2018-09-20,55.00749969482422,106435200,19.8886661529541,110241000,113.56999969482422,23714500,166.02000427246094,18936000,59.34349822998047,24508000
2018-09-21,54.415000915527344,384986800,19.940000534057617,75757500,114.26000213623047,71229700,162.92999267578125,45994800,58.304500579833984,88112000
2018-09-24,55.1974983215332,110773600,19.978666305541992,72645000,114.66999816894531,27334500,165.41000366210938,19222800,58.66849899291992,25420000
2018-09-25,55.54750061035156,98217600,20.06599998474121,67225500,114.44999694824219,22668000,164.91000366210938,27622800,59.23249816894531,19554000
2018-09-26,55.10499954223633,95938800,20.6386661529541,117648000,113.9800033569336,19352000,166.9499969482422,25252200,59.02450180053711,29246000
2018-09-27,56.23749923706055,120724800,20.501333236694336,127636500,114.41000366210938,19091300,168.83999633789062,27266900,59.731998443603516,25216000
2018-09-28,56.435001373291016,91717600,17.65133285522461,504745500,114.37000274658203,21647800,164.4600067138672,34265600,59.673500061035156,27612000
2018-10-01,56.814998626708984,94403200,20.713333129882812,326664000,115.61000061035156,18883100,162.44000244140625,26407700,59.765499114990234,27152000
2018-10-02,57.31999969482422,99152800,20.06800079345703,176152500,115.1500015258789,20787200,159.3300018310547,36031000,60.00550079345703,33758000
2018-10-03,58.01750183105469,114619200,19.65333366394043,119925000,115.16999816894531,16648000,162.42999267578125,23109500,60.147499084472656,25124000
2018-10-04,56.997501373291016,128168000,18.788667678833008,147213000,112.79000091552734,34821700,158.85000610351562,25739600,58.40950012207031,44190000
2018-10-05,56.0724983215332,134322000,17.463333129882812,269167500,112.12999725341797,29068900,157.3300018310547,25744000,57.86750030517578,23686000
2018-10-08,55.942501068115234,118655600,16.70400047302246,202090500,110.8499984741211,29640600,157.25,24046000,57.44850158691406,38648000
2018-10-09,56.717498779296875,107564000,17.520000457763672,180909000,112.26000213623047,26198600,157.89999389648438,18844400,56.941001892089844,26174000
2018-10-10,54.09000015258789,167962400,17.125333786010742,192229500,106.16000366210938,61376300,151.3800048828125,30610000,54.06100082397461,53514000
2018-10-11,53.61249923706055,212497600,16.815332412719727,122515500,105.91000366210938,63904300,153.35000610351562,35338900,53.965999603271484,58980000
2018-10-12,55.52750015258789,161351600,17.25200080871582,108021000,109.56999969482422,47742100,153.74000549316406,25293500,55.50400161743164,42026000
2018-10-15,54.34000015258789,123164000,17.305999755859375,93000000,107.5999984741211,32068100,153.52000427246094,15433500,54.61249923706055,27448000
2018-10-16,55.537498474121094,116736000,18.439332962036133,142896000,111.0,31610200,158.77999877929688,19180100,56.06399917602539,38570000
2018-10-17,55.29750061035156,91541600,18.118667602539062,129832500,110.70999908447266,26548200,159.4199981689453,17592000,55.78450012207031,29344000
2018-10-18,54.005001068115234,130325200,17.5939998626709,81318000,108.5,32506200,154.9199981689453,21675100,54.39849853515625,41890000
2018-10-19,54.82749938964844,132314800,17.333332061767578,140632500,108.66000366210938,32785500,154.0500030517578,19761300,54.823001861572266,25352000
2018-10-22,55.162498474121094,115168400,17.39666748046875,84004500,109.62999725341797,26545600,154.77999877929688,15424700,55.05799865722656,30284000
2018-10-23,55.682498931884766,155071200,19.609333038330078,285417000,108.0999984741211,43770400,154.38999938964844,19095000,55.18450164794922,36974000
2018-10-24,53.772499084472656,163702000,19.233333587646484,300874500,102.31999969482422,63897800,146.0399932861328,27744600,52.535499572753906,39648000
2018-10-25,54.95000076293945,119423200,20.99066734313965,312610500,108.30000305175781,61646800,150.9499969482422,22105700,54.778499603271484,50916000
2018-10-26,54.07500076293945,189033600,22.059999465942383,411382500,106.95999908447266,55523100,145.3699951171875,31303300,53.57350158691406,83752000
2018-10-29,53.060001373291016,183742000,22.323333740234375,217290000,103.8499984741211,55162000,142.08999633789062,31336800,51.00400161743164,77614000
2018-10-30,53.32500076293945,146640000,21.99333381652832,136900500,103.7300033569336,65350900,146.22000122070312,50528300,51.81050109863281,64254000
2018-10-31,54.71500015258789,153435600,22.488000869750977,114364500,106.80999755859375,51062400,151.7899932861328,60101300,53.8385009765625,50596000
2018-11-01,55.55500030517578,233292800,22.95199966430664,120001500,105.91999816894531,33384200,151.75,25640800,53.5,29640000
2018-11-02,51.869998931884766,365314800,23.0939998626709,117120000,106.16000366210938,37680200,150.35000610351562,24708700,52.88949966430664,36780000
2018-11-05,50.397499084472656,264654800,22.760000228881836,117465000,107.51000213623047,27922100,148.67999267578125,15971200,52.00450134277344,48828000
2018-11-06,50.942501068115234,127531600,22.737333297729492,101443500,107.72000122070312,24340200,149.94000244140625,16667100,52.79050064086914,24666000
2018-11-07,52.48749923706055,133697600,23.21066665649414,110617500,111.95999908447266,37901700,151.52999877929688,21877400,54.669498443603516,41168000
2018-11-08,52.122501373291016,101450400,23.426666259765625,106360500,111.75,25644100,147.8699951171875,24145800,54.119998931884766,29764000
2018-11-09,51.11750030517578,137463200,23.367332458496094,76482000,109.56999969482422,32039200,144.9600067138672,17326900,53.307498931884766,26864000
2018-11-12,48.54249954223633,204542000,22.0853328704834,104122500,106.87000274658203,33621800,141.5500030517578,18542100,51.93149948120117,29436000
2018-11-13,48.057498931884766,187531600,22.582000732421875,81729000,106.94000244140625,35374600,142.16000366210938,15141700,51.8025016784668,30274000
2018-11-14,46.70000076293945,243204000,22.933332443237305,75604500,104.97000122070312,39495100,144.22000122070312,22068400,52.18299865722656,31318000
2018-11-15,47.852500915527344,185915200,23.229333877563477,69385500,107.27999877929688,38505200,143.85000610351562,30320300,53.23550033569336,36722000
2018-11-16,48.38249969482422,147713200,23.62066650390625,108093000,108.29000091552734,33502100,139.52999877929688,37250600,53.074501037597656,33162000
2018-11-19,46.46500015258789,167701200,23.564666748046875,145633500,104.62000274658203,44773900,131.5500030517578,44362700,51.0,37172000
2018-11-20,44.244998931884766,271300800,23.166000366210938,120070500,101.70999908447266,64052500,132.42999267578125,41939500,51.28799819946289,48982000
2018-11-21,44.19499969482422,124496800,22.54599952697754,70302000,103.11000061035156,28130600,134.82000732421875,25469700,51.88050079345703,30686000
2018-11-23,43.0724983215332,94496000,21.722000122070312,63039000,103.06999969482422,13823100,131.72999572753906,11886100,51.194000244140625,13830000
2018-11-26,43.654998779296875,179994000,23.066667556762695,119881500,106.47000122070312,32336200,136.3800048828125,24263600,52.430999755859375,38856000
2018-11-27,43.560001373291016,165549600,22.92799949645996,95374500,107.13999938964844,29124500,135.0,20750300,52.22050094604492,36064000
2018-11-28,45.23500061035156,184250000,23.191333770751953,61914000,111.12000274658203,46788500,136.75999450683594,29847500,54.311500549316406,49508000
2018-11-29,44.88750076293945,167080000,22.744667053222656,46210500,110.19000244140625,28123200,138.67999267578125,24238700,54.415000915527344,29378000
2018-11-30,44.64500045776367,158126000,23.365333557128906,84436500,110.88999938964844,33665600,140.61000061035156,25732600,54.721500396728516,51604000
2018-12-03,46.20500183105469,163210000,23.89933204650879,124597500,112.08999633789062,34732800,141.08999633789062,24819200,55.32149887084961,39824000
2018-12-04,44.17250061035156,165377200,23.979999542236328,126928500,108.5199966430664,45197000,137.92999267578125,30307400,52.54100036621094,46904000
2018-12-06,43.68000030517578,172393600,24.20400047302246,117637500,109.19000244140625,49107400,139.6300048828125,28218100,53.436500549316406,55384000
2018-12-07,42.122501373291016,169126400,23.864667892456055,172668000,104.81999969482422,45044900,137.4199981689453,21195500,51.82899856567383,42024000
2018-12-10,42.400001525878906,248104000,24.343332290649414,99202500,107.58999633789062,40801500,141.85000610351562,26422200,51.977500915527344,36154000
2018-12-11,42.157501220703125,189126800,24.450666427612305,94632000,108.58999633789062,42381900,142.0800018310547,20300300,52.587501525878906,27894000
2018-12-12,42.275001525878906,142510800,24.440000534057617,75405000,109.08000183105469,36183000,144.5,23696900,53.183998107910156,30476000
2018-12-13,42.73749923706055,127594400,25.119333267211914,110488500,109.44999694824219,31333400,145.00999450683594,18148600,53.095001220703125,26596000
2018-12-14,41.369998931884766,162814800,24.380666732788086,95064000,106.02999877929688,47043100,144.05999755859375,21785800,52.10499954223633,33732000
2018-12-17,40.98500061035156,177151600,23.22800064086914,115110000,102.88999938964844,56957300,140.19000244140625,24334000,50.826499938964844,47708000
2018-12-18,41.51750183105469,135366000,22.468666076660156,106500000,103.97000122070312,49319200,143.66000366210938,24709100,51.43550109863281,43850000
2018-12-19,40.22249984741211,196189200,22.197999954223633,124113000,103.69000244140625,68198200,133.24000549316406,57404900,51.1505012512207,49586000
2018-12-20,39.20750045776367,259092000,21.025333404541016,136078500,101.51000213623047,70334200,133.39999389648438,40297900,50.47050094604492,53470000
2018-12-21,37.682498931884766,382978400,21.31800079345703,120252000,98.2300033569336,111242100,124.94999694824219,56901500,48.97700119018555,91920000
2018-12-24,36.70750045776367,148676800,19.69266700744629,83398500,94.12999725341797,43935200,124.05999755859375,22066000,48.81100082397461,31806000
2018-12-26,39.29249954223633,234330000,21.73933219909668,122446500,100.55999755859375,51634800,134.17999267578125,39723400,51.972999572753906,47466000
2018-12-27,39.037498474121094,212468400,21.075332641601562,128626500,101.18000030517578,49498500,134.52000427246094,31202500,52.194000244140625,42196000
2018-12-28,39.057498931884766,169165600,22.257999420166016,149085000,100.38999938964844,38196300,133.1999969482422,22627600,51.854000091552734,28296000
2018-12-31,39.435001373291016,140014000,22.18666648864746,94534500,101.56999969482422,33173800,131.08999633789062,24625300,51.78049850463867,29866000
2019-01-02,39.47999954223633,148158800,20.674667358398438,174879000,101.12000274658203,35329300,135.67999267578125,28146200,52.29249954223633,30652000
2019-01-03,35.54750061035156,365248800,20.02400016784668,104478000,97.4000015258789,42579100,131.74000549316406,22717900,50.803001403808594,36822000
2019-01-04,37.064998626708984,234428400,21.179332733154297,110911500,101.93000030517578,44060600,137.9499969482422,29002100,53.535499572753906,41878000
2019-01-07,36.98249816894531,219111200,22.33066749572754,113268000,102.05999755859375,35656100,138.0500030517578,20089300,53.419498443603516,39638000
2019-01-08,37.6875,164101200,22.356666564941406,105127500,102.80000305175781,31514400,142.52999877929688,26263800,53.81399917602539,35298000
2019-01-09,38.32749938964844,180396400,22.568666458129883,81493500,104.2699966430664,32280800,144.22999572753906,22205900,53.733001708984375,23986000
2019-01-10,38.45000076293945,143122800,22.99799919128418,90846000,103.5999984741211,30067600,144.1999969482422,16125000,53.51649856567383,29128000
2019-01-11,38.0724983215332,108092800,23.150667190551758,75586500,102.80000305175781,28314200,143.8000030517578,12908000,52.859500885009766,30416000
2019-01-14,37.5,129756800,22.293333053588867,78709500,102.05000305175781,28437100,145.38999938964844,20520300,52.234500885009766,22886000
2019-01-15,38.26750183105469,114843600,22.961999893188477,90849000,105.01000213623047,31587600,148.9499969482422,24069000,53.85749816894531,29272000
2019-01-16,38.73500061035156,122278800,23.06999969482422,70375500,105.37999725341797,29853900,147.5399932861328,18025700,54.048500061035156,26636000
2019-01-17,38.96500015258789,119284800,23.15399932861328,55150500,106.12000274658203,28393000,148.3000030517578,15787900,54.494998931884766,24854000
2019-01-18,39.20500183105469,135004000,20.150667190551758,362262000,107.70999908447266,37427600,150.0399932861328,31029600,54.91299819946289,39112000
2019-01-22,38.32500076293945,121576000,19.92799949645996,181000500,105.68000030517578,32371300,147.57000732421875,22378700,53.5260009765625,32270000
2019-01-23,38.47999954223633,92522400,19.172666549682617,187950000,106.70999908447266,25874300,144.3000030517578,20098400,53.778499603271484,19340000
2019-01-24,38.17499923706055,101766000,19.43400001525879,120183000,106.19999694824219,23164800,145.8300018310547,20955500,53.69499969482422,27226000
2019-01-25,39.439998626708984,134142000,19.80266761779785,108744000,107.16999816894531,31225600,149.00999450683594,22237200,54.54949951171875,22382000
2019-01-28,39.07500076293945,104768400,19.7586669921875,96349500,105.08000183105469,29476700,147.47000122070312,15508500,53.50400161743164,25686000
2019-01-29,38.66999816894531,166348800,19.83066749572754,69325500,102.94000244140625,31490500,144.19000244140625,17632100,53.03099822998047,20436000
2019-01-30,41.3125,244439200,20.584667205810547,168754500,106.37999725341797,49471900,150.4199981689453,44613200,54.452999114990234,25596000
2019-01-31,41.61000061035156,162958400,20.468000411987305,188538000,104.43000030517578,55636400,166.69000244140625,77233600,55.81850051879883,30766000
2019-02-01,41.630001068115234,130672400,20.81399917602539,109251000,102.77999877929688,35535700,165.7100067138672,30806500,55.537498474121094,29244000
2019-02-04,42.8125,125982000,20.859333038330078,110281500,105.73999786376953,31315100,169.25,20036000,56.63999938964844,51530000
2019-02-05,43.54499816894531,144406400,21.42333221435547,101142000,107.22000122070312,27325400,171.16000366210938,22557000,57.29949951171875,71044000
2019-02-06,43.560001373291016,112958400,21.148000717163086,75577500,106.02999877929688,20609800,170.49000549316406,13281200,55.76150131225586,42112000
2019-02-07,42.73500061035156,126966800,20.500667572021484,97809000,105.2699966430664,29760700,166.3800048828125,17517600,54.93550109863281,40896000
2019-02-08,42.602500915527344,95280000,20.386667251586914,87663000,105.66999816894531,21461100,167.3300018310547,12561400,54.75299835205078,21516000
2019-02-11,42.35749816894531,83973600,20.856000900268555,106945500,105.25,18914100,165.7899932861328,12811200,54.7504997253418,21304000
2019-02-12,42.72249984741211,89134000,20.78733253479004,82764000,106.88999938964844,25056600,165.0399932861328,16292300,56.06850051879883,32182000
2019-02-13,42.54499816894531,89960800,20.544666290283203,77124000,106.80999755859375,18394900,164.07000732421875,14205100,56.007999420166016,20996000
2019-02-14,42.70000076293945,87342800,20.251333236694336,78012000,106.9000015258789,21784700,163.9499969482422,12755200,56.083499908447266,18952000
2019-02-15,42.60499954223633,98507200,20.525333404541016,58573500,108.22000122070312,26606900,162.5,15504400,55.682498931884766,28996000
2019-02-19,42.73249816894531,75891200,20.375999450683594,62526000,108.16999816894531,18038500,162.2899932861328,14345400,55.928001403808594,20928000
2019-02-20,43.00749969482422,104457600,20.17066764831543,107131500,107.1500015258789,21607700,162.55999755859375,11770700,55.689998626708984,21756000
2019-02-21,42.76499938964844,68998800,19.415332794189453,133638000,109.41000366210938,29063200,160.0399932861328,15607800,54.8484992980957,28302000
2019-02-22,43.24250030517578,75652800,19.6473331451416,86109000,110.97000122070312,27763200,161.88999938964844,15858500,55.51850128173828,20990000
2019-02-25,43.557498931884766,87493600,19.917999267578125,99397500,111.58999633789062,23750600,164.6199951171875,18737100,55.470001220703125,28262000
2019-02-26,43.58250045776367,68280800,19.857332229614258,128737500,112.36000061035156,21536700,164.1300048828125,13784100,55.756500244140625,29426000
2019-02-27,43.717498779296875,111341600,20.982667922973633,167758500,112.16999816894531,21487100,162.80999755859375,12697500,55.8025016784668,19368000
2019-02-28,43.287498474121094,112861600,21.325332641601562,157810500,112.02999877929688,29083900,161.4499969482422,11114200,55.99599838256836,30850000
2019-03-01,43.74250030517578,103544800,19.652666091918945,343671000,112.52999877929688,23501200,162.27999877929688,11097800,57.04949951171875,29006000
2019-03-04,43.962501525878906,109744800,19.02400016784668,256452000,112.26000213623047,26608000,167.3699951171875,18894700,57.38999938964844,28920000
2019-03-05,43.88249969482422,78949600,18.43600082397461,281470500,111.69999694824219,19538300,171.25999450683594,28187900,58.10150146484375,28864000
2019-03-06,43.630001068115234,83241600,18.416000366210938,155032500,111.75,17687000,172.50999450683594,21531700,57.893001556396484,21986000
2019-03-07,43.125,99185600,18.439332962036133,141637500,110.38999938964844,25339000,169.1300048828125,18306500,57.165000915527344,23332000
2019-03-08,43.227500915527344,95997600,18.94266700744629,132294000,110.51000213623047,22818400,169.60000610351562,13184800,57.11600112915039,24248000
2019-03-11,44.724998474121094,128044000,19.39466667175293,110884500,112.83000183105469,26491600,172.07000732421875,18884000,58.78799819946289,34384000
2019-03-12,45.227500915527344,129870400,18.890666961669922,112561500,113.62000274658203,26132700,171.9199981689453,12155300,59.65999984741211,40262000
2019-03-13,45.4275016784668,124130000,19.263999938964844,102670500,114.5,35513800,173.3699951171875,11973300,59.66600036621094,28718000
2019-03-14,45.932498931884766,94318000,19.33066749572754,106551000,114.58999633789062,30763400,170.1699981689453,18037400,59.27750015258789,23456000
2019-03-15,46.529998779296875,156171600,18.36199951171875,221782500,115.91000366210938,54681100,165.97999572753906,37135400,59.222999572753906,49236000
2019-03-18,47.005001068115234,104879200,17.965999603271484,154215000,117.56999969482422,31207600,160.47000122070312,37524200,59.2130012512207,25852000
2019-03-19,46.63249969482422,126585600,17.83133316040039,177009000,117.6500015258789,37588700,161.57000732421875,25611500,59.942501068115234,30414000
2019-03-20,47.040000915527344,124140800,18.239999771118164,103623000,117.5199966430664,28113300,165.44000244140625,20211500,61.19850158691406,44548000
2019-03-21,48.772499084472656,204136800,18.26799964904785,89206500,120.22000122070312,29854400,166.0800018310547,16223000,61.57699966430664,24080000
2019-03-22,47.76250076293945,169630800,17.635332107543945,131184000,117.05000305175781,33624500,164.33999633789062,16389200,60.275001525878906,34284000
2019-03-25,47.185001373291016,175381200,17.3613338470459,153225000,117.66000366210938,27067100,166.2899932861328,12631200,59.650001525878906,29936000
2019-03-26,46.6974983215332,199202000,17.851333618164062,110263500,117.91000366210938,26097700,167.67999267578125,15437900,59.23099899291992,38024000
2019-03-27,47.11750030517578,119393600,18.32200050354004,131688000,116.7699966430664,22733400,165.8699951171875,10620300,58.6510009765625,28004000
2019-03-28,47.18000030517578,83121600,18.57466697692871,101611500,116.93000030517578,18334800,165.5500030517578,10443000,58.42449951171875,19234000
2019-03-29,47.48749923706055,94256000,18.657333374023438,89869500,117.94000244140625,25399800,166.69000244140625,13455500,58.66550064086914,25398000
2019-04-01,47.810001373291016,111448000,19.278667449951172,121656000,119.0199966430664,22789100,168.6999969482422,10381500,59.721500396728516,25050000
2019-04-02,48.505001068115234,91062800,19.058666229248047,82183500,119.19000244140625,18142300,174.1999969482422,23946500,60.02450180053711,16558000
2019-04-03,48.837501525878906,93087200,19.45400047302246,118791000,119.97000122070312,22860700,173.5399932861328,27391100,60.29600143432617,20286000
2019-04-04,48.92250061035156,76457200,17.851999282836914,355810500,119.36000061035156,20112800,176.02000427246094,17847700,60.75,19000000
2019-04-05,49.25,74106400,18.33066749572754,195574500,119.88999938964844,15826200,175.72000122070312,9594100,60.35749816894531,18144000
2019-04-08,50.025001525878906,103526800,18.213333129882812,156156000,119.93000030517578,15116200,174.92999267578125,7297400,60.19200134277344,17204000
2019-04-09,49.875,143072800,18.15399932861328,88560000,119.27999877929688,17612000,177.5800018310547,19751000,59.86249923706055,17528000
2019-04-10,50.154998779296875,86781200,18.40399932861328,105919500,120.19000244140625,16477200,177.82000732421875,11701500,60.108001708984375,14492000
2019-04-11,49.73749923706055,83603200,17.89466667175293,147538500,120.33000183105469,14209100,177.50999450683594,8071000,60.23099899291992,14204000
2019-04-12,49.717498779296875,111042800,17.84666633605957,101190000,120.94999694824219,19745100,179.10000610351562,12329800,60.89350128173828,18668000
2019-04-15,49.807498931884766,70146400,17.7586669921875,150579000,121.05000305175781,15792600,179.64999389648438,10834800,61.05500030517578,23748000
2019-04-16,49.8125,102785600,18.224000930786133,109093500,120.7699966430664,14071800,178.8699951171875,11215200,61.35649871826172,17126000
2019-04-17,50.782501220703125,115627200,18.082000732421875,76897500,121.7699966430664,19300900,178.77999877929688,9973700,61.81700134277344,24438000
2019-04-18,50.96500015258789,96783200,18.21733283996582,88144500,123.37000274658203,27991000,178.27999877929688,11655600,61.81850051879883,26636000
2019-04-22,51.13249969482422,77758000,17.516666412353516,182206500,123.76000213623047,15648700,181.44000244140625,13389900,62.44200134277344,16146000
2019-04-23,51.869998931884766,93292000,17.593332290649414,164158500,125.44000244140625,24025500,183.77999877929688,19954800,63.227500915527344,26398000
2019-04-24,51.790000915527344,70162400,17.243999481201172,160912500,125.01000213623047,31257000,182.5800018310547,37289900,62.79999923706055,20376000
2019-04-25,51.31999969482422,74172800,16.5086669921875,327741000,129.14999389648438,38033900,193.25999450683594,54148800,63.17250061035156,22146000
2019-04-26,51.07500076293945,74596400,15.675999641418457,335410500,129.88999938964844,23654900,191.49000549316406,22075000,63.60900115966797,24828000
2019-04-29,51.15250015258789,88818800,16.097999572753906,250717500,129.77000427246094,16324200,194.77999877929688,19641300,64.37899780273438,49988000
2019-04-30,50.16749954223633,186139600,15.912667274475098,141969000,130.60000610351562,24166500,193.39999389648438,23494700,59.42399978637695,124140000
2019-05-01,52.630001068115234,259309200,15.600666999816895,160566000,127.87999725341797,26821700,193.02999877929688,15996600,58.40399932861328,52784000
2019-05-02,52.287498474121094,127985200,16.273332595825195,272389500,126.20999908447266,27350200,192.52999877929688,13209500,58.13050079345703,38896000
2019-05-03,52.9375,83569600,17.00200080871582,355602000,128.89999389648438,24911100,195.47000122070312,14575400,59.27000045776367,39614000
2019-05-06,52.119998931884766,129772400,17.022666931152344,162508500,128.14999389648438,24239800,193.8800048828125,13994900,59.46950149536133,31278000
2019-05-07,50.71500015258789,155054800,16.470666885375977,151971000,125.5199966430664,36017700,189.77000427246094,16253000,58.70500183105469,31028000
2019-05-08,50.724998474121094,105358000,16.32266616821289,92646000,125.51000213623047,28419000,189.5399932861328,12505700,58.313499450683594,26186000
2019-05-09,50.18000030517578,139634400,16.131999969482422,100671000,125.5,27235800,188.64999389648438,12967000,58.11899948120117,23714000
2019-05-10,49.29499816894531,164834800,15.968000411987305,105124500,127.12999725341797,30915100,188.33999633789062,12578500,58.2135009765625,26290000
2019-05-13,46.43000030517578,229722400,15.133999824523926,162522000,123.3499984741211,33944900,181.5399932861328,16833300,56.60150146484375,37212000
2019-05-14,47.165000915527344,146118800,15.487333297729492,108786000,124.7300033569336,25266300,180.72999572753906,17628100,56.02199935913086,36732000
2019-05-15,47.72999954223633,106178800,15.463333129882812,109440000,126.0199966430664,24722700,186.27000427246094,16746900,58.21049880981445,45786000
2019-05-16,47.52000045776367,132125600,15.222000122070312,112249500,128.92999267578125,30112200,186.99000549316406,12953100,58.94900131225586,30628000
2019-05-17,47.25,131516400,14.0686674118042,266800500,128.07000732421875,25770500,185.3000030517578,10485400,58.1150016784668,24172000
2019-05-20,45.772499084472656,154449200,13.690667152404785,307893000,126.22000122070312,23706900,182.72000122070312,10352000,56.942501068115234,27066000
2019-05-21,46.650001525878906,113459200,13.67199993133545,270058500,126.9000015258789,15293300,184.82000732421875,7502800,57.48149871826172,23196000
2019-05-22,45.69499969482422,118994400,12.84866714477539,280278000,127.66999816894531,15396500,185.32000732421875,9213800,57.57099914550781,18290000
2019-05-23,44.915000915527344,146118800,13.03266716003418,398206500,126.18000030517578,23603800,180.8699951171875,12768800,57.03850173950195,23978000
2019-05-24,44.74250030517578,94858800,12.708666801452637,212049000,126.23999786376953,14123400,181.05999755859375,8807700,56.673500061035156,22240000
2019-05-28,44.557498931884766,111792800,12.579999923706055,154693500,126.16000366210938,23128400,184.30999755859375,14843300,56.70750045776367,27300000
2019-05-29,44.345001220703125,113924800,12.657333374023438,179529000,124.94000244140625,22763100,182.19000244140625,12797700,55.823001861572266,30764000
2019-05-30,44.57500076293945,84873600,12.54800033569336,118897500,125.7300033569336,16829600,183.00999450683594,8581500,55.897499084472656,19038000
2019-05-31,43.76750183105469,108174400,12.343999862670898,156100500,123.68000030517578,26646800,177.47000122070312,15226500,55.18149948120117,30156000
2019-06-03,43.32500076293945,161584400,11.9313325881958,195966000,119.83999633789062,37983600,164.14999389648438,56059600,51.811500549316406,102612000
2019-06-04,44.90999984741211,123872000,12.90666675567627,207112500,123.16000366210938,29382600,167.5,46044300,52.65250015258789,56670000
2019-06-05,45.6349983215332,119093600,13.105999946594238,202662000,125.83000183105469,24926100,168.1699981689453,19758300,52.111000061035156,43368000
2019-06-06,46.30500030517578,90105200,13.729999542236328,303633000,127.81999969482422,21459000,168.3300018310547,12446400,52.21699905395508,34064000
2019-06-07,47.537498474121094,122737600,13.633333206176758,240052500,131.39999389648438,33885600,173.35000610351562,16917300,53.301998138427734,36048000
2019-06-10,48.14500045776367,104883600,14.192000389099121,158775000,132.60000610351562,26477100,174.82000732421875,14767900,54.01900100708008,29284000
2019-06-11,48.70249938964844,107731600,14.473333358764648,174802500,132.10000610351562,23913700,178.10000610351562,15266600,53.93600082397461,28734000
2019-06-12,48.54750061035156,73012800,13.950667381286621,227962500,131.49000549316406,17092500,175.0399932861328,17699800,53.85150146484375,21220000
2019-06-13,48.537498474121094,86698400,14.260666847229004,122524500,132.32000732421875,17200800,177.47000122070312,12253600,54.438499450683594,21154000
2019-06-14,48.185001373291016,75046000,14.32800006866455,111501000,132.4499969482422,17821700,181.3300018310547,16773700,54.26750183105469,22230000
2019-06-17,48.47249984741211,58676400,15.001999855041504,184752000,132.85000610351562,14517800,189.00999450683594,29459900,54.625,18832000
2019-06-18,49.61249923706055,106204000,14.982666969299316,190737000,135.16000366210938,25934500,188.47000122070312,37571400,55.18000030517578,27734000
2019-06-19,49.467498779296875,84496800,15.095333099365234,98626500,135.69000244140625,23744400,187.47999572753906,21417100,55.11650085449219,26776000
2019-06-20,49.8650016784668,86056000,14.641332626342773,177952500,136.9499969482422,33042600,189.52999877929688,14635700,55.57099914550781,25240000
2019-06-21,49.69499969482422,191202400,14.790666580200195,123031500,136.97000122070312,36727900,191.13999938964844,22751200,56.09400177001953,38952000
2019-06-24,49.64500045776367,72881600,14.909333229064941,86262000,137.77999877929688,20628800,192.60000610351562,15509000,55.7760009765625,27912000
2019-06-25,48.89250183105469,84281200,14.650667190551758,92731500,133.42999267578125,33327400,188.83999633789062,16750300,54.317501068115234,30938000
2019-06-26,49.95000076293945,104270000,14.618000030517578,127608000,133.92999267578125,23657700,187.66000366210938,12808600,53.9900016784668,36218000
2019-06-27,49.935001373291016,83598800,14.855999946594238,95095500,134.14999389648438,16557500,189.5,11159000,53.800498962402344,20086000
2019-06-28,49.47999954223633,124442400,14.897333145141602,102771000,133.9600067138672,30043000,193.0,16378900,54.045501708984375,33864000
2019-07-01,50.38750076293945,109012000,15.14466667175293,123201000,135.67999267578125,22613500,193.0,14181800,54.897499084472656,28726000
2019-07-02,50.682498931884766,67740800,14.970000267028809,138885000,136.5800018310547,15237800,195.0,9050000,55.5625,19832000
2019-07-03,51.102500915527344,45448000,15.65999984741211,213016500,137.4600067138672,13629300,197.1999969482422,10246100,56.07899856567383,15340000
2019-07-05,51.057498931884766,69062000,15.539999961853027,105985500,137.05999755859375,18141100,196.39999389648438,11164100,56.579498291015625,25286000
2019-07-08,50.005001068115234,101354400,15.355999946594238,88207500,136.9600067138672,16779700,195.75999450683594,9723900,55.817501068115234,24728000
2019-07-09,50.310001373291016,82312000,15.337332725524902,92862000,136.4600067138672,19953100,199.2100067138672,14698600,56.24150085449219,26608000
2019-07-10,50.807498931884766,71588400,15.928000450134277,137185500,137.85000610351562,24204400,202.72999572753906,20571700,57.02399826049805,24190000
2019-07-11,50.4375,80767200,15.90666675567627,112716000,138.39999389648438,22327900,201.22999572753906,13678500,57.21049880981445,23910000
2019-07-12,50.82500076293945,70380800,16.338666915893555,138007500,138.89999389648438,18936800,204.8699951171875,15366300,57.244998931884766,17280000
2019-07-15,51.3025016784668,67789600,16.899999618530273,165001500,138.89999389648438,16651500,203.91000366210938,16030300,57.516998291015625,18076000
2019-07-16,51.125,67467200,16.825332641601562,122235000,137.0800018310547,22726100,203.83999633789062,12132700,57.67900085449219,24776000
2019-07-17,50.837501525878906,56430000,16.99066734313965,146470500,136.27000427246094,20211000,201.8000030517578,12083700,57.317501068115234,23400000
2019-07-18,51.415000915527344,74162400,16.902666091918945,71379000,136.4199981689453,30381800,200.77999877929688,11937900,57.31650161743164,25814000
2019-07-19,50.647499084472656,83717200,17.211999893188477,105726000,136.6199951171875,48992400,198.36000061035156,12098300,56.505001068115234,32944000
2019-07-22,51.80500030517578,89111600,17.045333862304688,102636000,138.42999267578125,25074900,202.32000732421875,13589000,56.903499603271484,26030000
2019-07-23,52.209999084472656,73420800,17.344667434692383,75346500,139.2899932861328,18034600,202.36000061035156,14583700,57.31050109863281,21874000
2019-07-24,52.16749954223633,59966400,17.658666610717773,166092000,140.72000122070312,20738300,204.66000366210938,32532500,56.890499114990234,31796000
2019-07-25,51.755001068115234,55638400,15.254667282104492,336274500,140.19000244140625,18356900,200.7100067138672,39889900,56.60599899291992,44196000
2019-07-26,51.935001373291016,70475600,15.202667236328125,150415500,141.33999633789062,19037600,199.75,24434000,62.52050018310547,96116000
2019-07-29,52.41999816894531,86693600,15.718000411987305,139099500,141.02999877929688,16605900,195.94000244140625,16530800,61.97050094604492,44474000
2019-07-30,52.19499969482422,135742800,16.150667190551758,121635000,140.35000610351562,16846500,197.0399932861328,11903600,61.25699996948242,29066000
2019-07-31,53.2599983215332,277125600,16.107332229614258,137673000,136.27000427246094,38598800,194.22999572753906,14593500,60.83399963378906,34510000
2019-08-01,52.10749816894531,216071600,15.59000015258789,123892500,138.05999755859375,40557500,192.72999572753906,17777000,60.45050048828125,33970000
2019-08-02,51.005001068115234,163448400,15.62266731262207,92047500,136.89999389648438,30791600,189.02000427246094,15297000,59.699501037597656,32902000
2019-08-05,48.334999084472656,209572000,15.221332550048828,105424500,132.2100067138672,42749600,181.72999572753906,23086700,57.61600112915039,51950000
2019-08-06,49.25,143299200,15.383333206176758,83463000,134.69000244140625,32696700,184.50999450683594,18035700,58.497501373291016,34188000
2019-08-07,49.7599983215332,133457600,15.561332702636719,71647500,135.27999877929688,33414500,185.14999389648438,15833200,58.699501037597656,28886000
2019-08-08,50.85749816894531,108038000,15.886667251586914,79114500,138.88999938964844,27496500,190.16000366210938,14828900,60.2400016784668,29360000
2019-08-09,50.247501373291016,98478800,15.667332649230957,58473000,137.7100067138672,23466700,187.85000610351562,11058800,59.4005012512207,21314000
2019-08-12,50.119998931884766,89927600,15.267333030700684,69958500,135.7899932861328,20484300,185.3699951171875,10930900,58.73550033569336,20060000
2019-08-13,52.24250030517578,188874000,15.666666984558105,72721500,138.60000610351562,25154600,188.4499969482422,13577000,59.86349868774414,25888000
2019-08-14,50.6875,146189600,14.641332626342773,143439000,133.97999572753906,32527300,179.7100067138672,18903700,58.214500427246094,31574000
2019-08-15,50.435001373291016,108909600,14.37600040435791,122394000,133.67999267578125,28074400,182.58999633789062,12925900,58.362998962402344,24374000
2019-08-16,51.625,110481600,14.662667274475098,76477500,136.1300048828125,24449100,183.6999969482422,12654600,58.880001068115234,26266000
2019-08-19,52.587501525878906,97654400,15.121999740600586,79644000,138.41000366210938,24355700,186.1699981689453,9691200,59.92250061035156,24632000
2019-08-20,52.59000015258789,107537200,15.057332992553711,61878000,137.25999450683594,21170800,183.80999755859375,10083400,59.134498596191406,18310000
2019-08-21,53.15999984741211,86141600,14.722000122070312,116914500,138.7899932861328,14970300,183.5500030517578,8398200,59.5625,14814000
2019-08-22,53.1150016784668,89014800,14.8100004196167,98385000,137.77999877929688,18697000,182.0399932861328,10821400,59.47650146484375,18950000
2019-08-23,50.65999984741211,187272000,14.09333324432373,128079000,133.38999938964844,38508600,177.75,17323400,57.56449890136719,33740000
2019-08-26,51.622501373291016,104174400,14.333333015441895,75778500,135.4499969482422,20312600,180.36000061035156,8773600,58.44449996948242,24522000
2019-08-27,51.040000915527344,103493200,14.272000312805176,81243000,135.74000549316406,23102100,181.3000030517578,14399600,58.391998291015625,21544000
2019-08-28,51.38249969482422,63755200,14.37266731262207,48382500,135.55999755859375,17393300,181.75999450683594,9386100,58.55099868774414,16040000
2019-08-29,52.252498626708984,83962000,14.780667304992676,77692500,138.1199951171875,20168700,185.57000732421875,10128700,59.64250183105469,21768000
2019-08-30,52.185001373291016,84573600,15.040666580200195,139809000,137.86000061035156,23940100,185.6699981689453,10774500,59.404998779296875,22596000
2019-09-03,51.42499923706055,80092000,15.000666618347168,80311500,136.0399932861328,18869300,182.38999938964844,9779400,58.419498443603516,29598000
2019-09-04,52.29750061035156,76752400,14.711999893188477,86415000,137.6300048828125,17995900,187.13999938964844,11308000,59.070499420166016,21378000
2019-09-05,53.31999969482422,95654800,15.305333137512207,110929500,140.0500030517578,26101800,190.89999389648438,13876700,60.569000244140625,28162000
2019-09-06,53.314998626708984,77449200,15.16333293914795,62841000,139.10000610351562,20824500,187.49000549316406,15226800,60.246498107910156,21442000
2019-09-09,53.54249954223633,109237600,15.452667236328125,72040500,137.52000427246094,25773900,188.75999450683594,14722400,60.22050094604492,29438000
2019-09-10,54.17499923706055,127111600,15.702667236328125,73255500,136.0800018310547,28903400,186.1699981689453,15455900,60.29999923706055,25202000
2019-09-11,55.897499084472656,177158400,16.47333335876465,150642000,136.1199951171875,24726100,188.49000549316406,11761700,61.00849914550781,26140000
2019-09-12,55.772499084472656,128906800,16.391332626342773,128718000,137.52000427246094,27010000,187.47000122070312,11419800,61.712501525878906,34518000
2019-09-13,54.6875,159053200,16.34666633605957,79696500,137.32000732421875,23363100,187.19000244140625,11441100,61.97800064086914,26028000
2019-09-16,54.974998474121094,84632400,16.187332153320312,70921500,136.3300018310547,16731400,186.22000122070312,8444800,61.564998626708984,21066000
2019-09-17,55.17499923706055,73274800,16.319332122802734,57981000,137.38999938964844,17814200,188.0800018310547,9671100,61.45750045776367,19102000
2019-09-18,55.692501068115234,101360000,16.232667922973633,62553000,138.52000427246094,23982100,188.13999938964844,9681900,61.62049865722656,22702000
2019-09-19,55.2400016784668,88242400,16.440000534057617,71937000,141.07000732421875,35772100,190.13999938964844,10392700,61.93550109863281,19920000
2019-09-20,54.432498931884766,221652400,16.041332244873047,95295000,139.44000244140625,39167300,189.92999267578125,19934200,61.496498107910156,45400000
2019-09-23,54.68000030517578,76662000,16.082000732421875,65103000,139.13999938964844,17139300,186.82000732421875,13327600,61.701499938964844,21248000
2019-09-24,54.41999816894531,124763200,14.880666732788086,193372500,137.3800048828125,29773200,181.27999877929688,18546600,60.9379997253418,31664000
2019-09-25,55.25749969482422,87613600,15.24666690826416,141406500,139.36000061035156,21382000,182.8000030517578,18068300,62.32600021362305,29060000
2019-09-26,54.97249984741211,75334000,16.17066764831543,178267500,139.5399932861328,17456600,180.11000061035156,16083300,62.06949996948242,30760000
2019-09-27,54.70500183105469,101408000,16.142000198364258,166746000,137.72999572753906,22477700,177.10000610351562,14656200,61.25450134277344,27078000
2019-09-30,55.99250030517578,103909600,16.058000564575195,88197000,139.02999877929688,17280900,178.0800018310547,10740000,60.95000076293945,28082000
2019-10-01,56.147499084472656,139223200,16.312667846679688,92439000,137.07000732421875,21466600,175.80999755859375,17073000,60.255001068115234,25470000
2019-10-02,54.7400016784668,138449200,16.208667755126953,84471000,134.64999389648438,30521700,174.60000610351562,16151700,58.83150100708008,32302000
2019-10-03,55.20500183105469,114426000,15.535332679748535,226267500,136.27999877929688,24132900,179.3800048828125,16086300,59.39149856567383,32424000
2019-10-04,56.752498626708984,138478800,15.428667068481445,119925000,138.1199951171875,22897700,180.4499969482422,10430200,60.45000076293945,23248000
2019-10-07,56.76499938964844,122306000,15.847999572753906,120963000,137.1199951171875,15303700,179.67999267578125,9178300,60.38399887084961,16858000
2019-10-08,56.099998474121094,111820000,16.003332138061523,130173000,135.6699981689453,25550500,177.75,9466900,59.45650100708008,20786000
2019-10-09,56.75749969482422,74770400,16.302000045776367,103416000,138.24000549316406,19749900,179.85000610351562,7556900,60.115501403808594,17354000
2019-10-10,57.522499084472656,113013600,16.31599998474121,94249500,139.10000610351562,17654600,180.02999877929688,8605000,60.43349838256836,16932000
2019-10-11,59.0525016784668,166795600,16.525999069213867,127131000,139.67999267578125,25446000,184.19000244140625,14930500,60.772499084472656,25454000
2019-10-14,58.967498779296875,96427600,17.130666732788086,153075000,139.5500030517578,13304300,183.27999877929688,7006000,60.856998443603516,17350000
2019-10-15,58.83000183105469,87360000,17.19266700744629,96492000,141.57000732421875,19695700,188.88999938964844,15039100,62.1505012512207,27634000
2019-10-16,58.592498779296875,73903200,17.316667556762695,100261500,140.41000366210938,20751600,189.5500030517578,10516900,62.18199920654297,21892000
2019-10-17,58.81999969482422,67585200,17.46466636657715,71539500,139.69000244140625,21460600,190.38999938964844,9603000,62.653499603271484,19048000
2019-10-18,59.102500915527344,97433600,17.1299991607666,86247000,137.41000366210938,32273500,185.85000610351562,16874200,62.27450180053711,27056000
2019-10-21,60.127498626708984,87247200,16.899999618530273,75304500,138.42999267578125,20078200,189.75999450683594,8122600,62.307498931884766,20544000
2019-10-22,59.9900016784668,82293600,17.038667678833008,69012000,136.3699951171875,27431000,182.33999633789062,19537600,62.13999938964844,20476000
2019-10-23,60.79499816894531,75828800,16.978666305541992,78916500,137.24000549316406,29844600,186.14999389648438,12300400,62.95650100708008,18230000
2019-10-24,60.89500045776367,69275200,19.978666305541992,445813500,139.94000244140625,37029300,186.3800048828125,11413500,63.04949951171875,20562000
2019-10-25,61.64500045776367,73477200,21.875333786010742,450091500,140.72999572753906,25959700,187.88999938964844,8061200,63.256500244140625,24262000
2019-10-28,62.26250076293945,96572800,21.847333908081055,283054500,144.19000244140625,35280100,189.39999389648438,13657900,64.5,52264000
2019-10-29,60.8224983215332,142839600,21.08133316040039,190264500,142.8300018310547,20589500,189.30999755859375,13574900,63.13100051879883,37728000
2019-10-30,60.814998626708984,124522000,21.000667572021484,144627000,144.61000061035156,18496600,188.25,28734600,63.06449890136719,28178000
2019-10-31,62.189998626708984,139162000,20.994667053222656,76005000,143.3699951171875,24605100,191.64999389648438,42286500,63.00550079345703,29114000
2019-11-01,63.95500183105469,151125200,20.887332916259766,95758500,143.72000122070312,33128400,193.6199951171875,21711800,63.6870002746582,33402000
2019-11-04,64.375,103272000,21.1646671295166,131805000,144.5500030517578,16912000,194.72000122070312,16371300,64.56849670410156,30020000
2019-11-05,64.28250122070312,79897600,21.148000717163086,104151000,144.4600067138672,18250200,194.32000732421875,9942000,64.60150146484375,25654000
2019-11-06,64.30999755859375,75864400,21.77199935913086,119113500,144.05999755859375,16575800,191.5500030517578,10973000,64.58999633789062,23060000
2019-11-07,64.85749816894531,94940400,22.369333267211914,217009500,144.25999450683594,17786700,190.4199981689453,13473000,65.44300079345703,40600000
2019-11-08,65.03500366210938,69986400,22.47599983215332,91038000,145.9600067138672,16732700,190.83999633789062,10760800,65.56849670410156,25028000
2019-11-11,65.55000305175781,81821200,23.006000518798828,149800500,146.11000061035156,14362600,189.61000061035156,8631200,64.95950317382812,20238000
2019-11-12,65.48999786376953,87388800,23.32866668701172,110391000,147.07000732421875,18641600,194.47000122070312,17615500,64.94000244140625,21718000
2019-11-13,66.11750030517578,102734400,23.073999404907227,126301500,147.30999755859375,16919200,193.19000244140625,10860700,64.9000015258789,16534000
2019-11-14,65.66000366210938,89182800,23.290000915527344,96973500,148.05999755859375,19729800,193.14999389648438,9040500,65.572998046875,23870000
2019-11-15,66.44000244140625,100206400,23.47800064086914,72135000,149.97000122070312,23485700,195.10000610351562,11524300,66.74349975585938,35652000
2019-11-18,66.7750015258789,86703200,23.332666397094727,66006000,150.33999633789062,21534000,197.39999389648438,16167200,66.03500366210938,29748000
2019-11-19,66.57250213623047,76167200,23.968000411987305,115872000,150.38999938964844,23935700,199.32000732421875,19056800,65.77300262451172,25384000
2019-11-20,65.79750061035156,106234400,23.481332778930664,100876500,149.6199951171875,25696800,197.50999450683594,12355400,65.15249633789062,26172000
2019-11-21,65.50250244140625,121395200,23.655332565307617,91650000,149.47999572753906,18576100,197.92999267578125,12131000,65.06749725341797,19910000
2019-11-22,65.44499969482422,65325200,22.202667236328125,253059000,149.58999633789062,15901800,198.82000732421875,9959800,64.76699829101562,27714000
2019-11-25,66.59249877929688,84020400,22.422666549682617,185092500,151.22999572753906,22420900,199.7899932861328,15272300,65.33450317382812,20724000
2019-11-26,66.07250213623047,105207600,21.92799949645996,119211000,152.02999877929688,24620100,198.97000122070312,11735500,65.67749786376953,21394000
2019-11-27,66.95999908447266,65235600,22.086000442504883,83334000,152.32000732421875,15184400,202.0,12736600,65.64949798583984,19912000
2019-11-29,66.8125,46617600,21.996000289916992,36984000,151.3800048828125,11977300,201.63999938964844,7985200,65.24800109863281,11740000
2019-12-02,66.04000091552734,94487200,22.32466697692871,91117500,149.5500030517578,27418400,199.6999969482422,11503400,64.49600219726562,30218000
2019-12-03,64.86250305175781,114430400,22.413333892822266,98605500,149.30999755859375,24066000,198.82000732421875,11595300,64.76399993896484,22876000
2019-12-04,65.43499755859375,67181600,22.20199966430664,82995000,149.85000610351562,17574700,198.7100067138672,8456300,66.0270004272461,30750000
2019-12-05,66.3949966430664,74424400,22.024667739868164,55869000,149.92999267578125,17869100,199.36000061035156,9740400,66.40650177001953,24254000
2019-12-06,67.67749786376953,106075600,22.392667770385742,114186000,151.75,16403500,201.0500030517578,12270600,67.03099822998047,26296000
2019-12-09,66.7300033569336,128042400,22.635332107543945,135346500,151.36000061035156,16687400,201.33999633789062,11954800,67.1780014038086,27086000
2019-12-10,67.12000274658203,90420400,23.256000518798828,132424500,151.1300048828125,16476100,200.8699951171875,9475700,67.23300170898438,21882000
2019-12-11,67.69249725341797,78756800,23.51333236694336,103467000,151.6999969482422,18856600,202.25999450683594,8036800,67.2509994506836,17008000
2019-12-12,67.86499786376953,137310400,23.978666305541992,116458500,153.24000549316406,24612100,196.75,23734800,67.51349639892578,25620000
2019-12-13,68.7874984741211,133587600,23.892667770385742,98563500,154.52999877929688,23845400,194.11000061035156,18798000,67.3915023803711,30992000
2019-12-16,69.96499633789062,128186000,25.433332443237305,272613000,155.52999877929688,24144200,197.9199981689453,14911500,68.05850219726562,27946000
2019-12-17,70.10250091552734,114158400,25.266000747680664,127452000,154.69000244140625,25425600,198.38999938964844,10175700,67.75599670410156,37080000
2019-12-18,69.93499755859375,116028400,26.209999084472656,211815000,154.3699951171875,24129200,202.5,23274400,67.63099670410156,30452000
2019-12-19,70.00499725341797,98369200,26.93600082397461,271606500,155.7100067138672,24958900,206.05999755859375,16514600,67.802001953125,29398000
2019-12-20,69.86000061035156,275978000,27.03933334350586,221290500,157.41000366210938,53477500,206.3000030517578,27306900,67.47949981689453,66300000
2019-12-23,71.0,98572000,27.947999954223633,199794000,157.41000366210938,17718200,206.17999267578125,13348900,67.44200134277344,17662000
2019-12-24,71.06749725341797,48478800,28.350000381469727,120820500,157.3800048828125,8989200,205.1199951171875,6046300,67.1780014038086,6950000
2019-12-26,72.47750091552734,93121200,28.729333877563477,159508500,158.6699981689453,14520600,207.7899932861328,9350700,68.0199966430664,13350000
2019-12-27,72.44999694824219,146266000,28.691999435424805,149185500,158.9600067138672,18412800,208.10000610351562,10284200,67.59449768066406,20768000
2019-12-30,72.87999725341797,144114400,27.64666748046875,188796000,157.58999633789062,16348400,204.41000366210938,10524300,66.80699920654297,21018000
2019-12-31,73.4124984741211,100805600,27.8886661529541,154285500,157.6999969482422,18369400,205.25,8953500,66.85099792480469,19236000
