Date,AAPL,TSLA,MSFT,META,GOOG
2018-01-02,43.064998626708984,21.368667602539062,85.94999694824219,181.4199981689453,53.25
2018-01-03,43.057498931884766,21.149999618530273,86.3499984741211,184.6699981689453,54.124000549316406
2018-01-04,43.25749969482422,20.974666595458984,87.11000061035156,184.3300018310547,54.31999969482422
2018-01-05,43.75,21.10533332824707,88.19000244140625,186.85000610351562,55.11149978637695
2018-01-08,43.587501525878906,22.42733383178711,88.27999877929688,188.27999877929688,55.34700012207031
2018-01-09,43.58250045776367,22.246000289916992,88.22000122070312,187.8699951171875,55.3129997253418
2018-01-10,43.5724983215332,22.31999969482422,87.81999969482422,187.83999633789062,55.13050079345703
2018-01-11,43.81999969482422,22.530000686645508,88.08000183105469,187.77000427246094,55.2760009765625
2018-01-12,44.272499084472656,22.4146671295166,89.5999984741211,179.3699951171875,56.112998962402344
2018-01-16,44.04750061035156,22.67066764831543,88.3499984741211,178.38999938964844,56.0880012512207
2018-01-17,44.775001525878906,23.143999099731445,90.13999938964844,177.60000610351562,56.5989990234375
2018-01-18,44.814998626708984,22.971332550048828,90.0999984741211,179.8000030517578,56.489498138427734
2018-01-19,44.6150016784668,23.334667205810547,90.0,181.2899932861328,56.8754997253418
2018-01-22,44.25,23.437332153320312,91.61000061035156,185.3699951171875,57.79050064086914
2018-01-23,44.2599983215332,23.519332885742188,91.9000015258789,189.35000610351562,58.49850082397461
2018-01-24,43.55500030517578,23.05933380126953,91.81999969482422,186.5500030517578,58.21200180053711
2018-01-25,42.77750015258789,22.50933265686035,92.33000183105469,187.47999572753906,58.51850128173828
2018-01-26,42.877498626708984,22.856666564941406,94.05999755859375,190.0,58.79199981689453
2018-01-29,41.9900016784668,23.302000045776367,93.91999816894531,185.97999572753906,58.77899932861328
2018-01-30,41.74250030517578,23.05466651916504,92.73999786376953,187.1199951171875,58.18450164794922
2018-01-31,41.85749816894531,23.62066650390625,95.01000213623047,186.88999938964844,58.49700164794922
2018-02-01,41.94499969482422,23.28333282470703,94.26000213623047,193.08999633789062,58.3849983215332
2018-02-02,40.125,22.916667938232422,91.77999877929688,190.27999877929688,55.595001220703125
2018-02-05,39.122501373291016,22.208667755126953,88.0,181.25999450683594,52.790000915527344
2018-02-06,40.75749969482422,22.264667510986328,91.33000183105469,185.30999755859375,54.029998779296875
2018-02-07,39.8849983215332,23.0,89.61000061035156,180.17999267578125,52.42900085449219
2018-02-08,38.787498474121094,21.01533317565918,85.01000213623047,171.5800018310547,50.07600021362305
2018-02-09,39.102500915527344,20.69466781616211,88.18000030517578,176.11000061035156,51.888999938964844
2018-02-12,40.6775016784668,21.048667907714844,89.12999725341797,176.41000366210938,52.59700012207031
2018-02-13,41.084999084472656,21.577333450317383,89.83000183105469,173.14999389648438,52.60499954223633
2018-02-14,41.842498779296875,21.487333297729492,90.80999755859375,179.52000427246094,53.48500061035156
2018-02-15,43.247501373291016,22.271333694458008,92.66000366210938,179.9600067138672,54.47600173950195
2018-02-16,43.10749816894531,22.365999221801758,92.0,177.36000061035156,54.7400016784668
2018-02-20,42.962501525878906,22.31800079345703,92.72000122070312,176.00999450683594,55.12300109863281
2018-02-21,42.76750183105469,22.219999313354492,91.48999786376953,177.91000366210938,55.56700134277344
2018-02-22,43.125,23.077999114990234,91.7300033569336,178.99000549316406,55.33150100708008
2018-02-23,43.875,23.469999313354492,94.05999755859375,183.2899932861328,56.339500427246094
2018-02-26,44.74250030517578,23.827999114990234,95.41999816894531,184.92999267578125,57.1875
2018-02-27,44.59749984741211,23.39933204650879,94.19999694824219,181.4600067138672,55.91450119018555
2018-02-28,44.529998779296875,22.87066650390625,93.7699966430664,178.32000732421875,55.23649978637695
2018-03-01,43.75,22.062000274658203,92.8499984741211,175.94000244140625,53.47600173950195
2018-03-02,44.0525016784668,22.341333389282227,93.05000305175781,176.6199951171875,53.94599914550781
2018-03-05,44.20500183105469,22.22333335876465,93.63999938964844,180.39999389648438,54.54650115966797
2018-03-06,44.16749954223633,21.8799991607666,93.31999969482422,179.77999877929688,54.75299835205078
2018-03-07,43.75749969482422,22.15333366394043,93.86000061035156,183.7100067138672,55.481998443603516
2018-03-08,44.23500061035156,21.940000534057617,94.43000030517578,182.33999633789062,56.29999923706055
2018-03-09,44.994998931884766,21.81133270263672,96.54000091552734,185.22999572753906,58.00199890136719
2018-03-12,45.43000030517578,23.034000396728516,96.7699966430664,184.75999450683594,58.224998474121094
2018-03-13,44.99250030517578,22.78933334350586,94.41000366210938,181.8800048828125,56.90850067138672
2018-03-14,44.61000061035156,21.775333404541016,93.8499984741211,184.19000244140625,57.4744987487793
2018-03-15,44.662498474121094,21.706666946411133,94.18000030517578,183.86000061035156,57.479000091552734
2018-03-16,44.505001068115234,21.42333221435547,94.5999984741211,185.08999633789062,56.7864990234375
2018-03-19,43.82500076293945,20.90399932861328,92.88999938964844,172.55999755859375,54.99100112915039
2018-03-20,43.810001373291016,20.703332901000977,93.12999725341797,168.14999389648438,54.885501861572266
2018-03-21,42.817501068115234,21.101999282836914,92.4800033569336,169.38999938964844,54.54399871826172
2018-03-22,42.212501525878906,20.606666564941406,89.79000091552734,164.88999938964844,52.45399856567383
2018-03-23,41.23500061035156,20.1026668548584,87.18000030517578,159.38999938964844,51.07849884033203
2018-03-26,43.192501068115234,20.278667449951172,93.77999877929688,160.05999755859375,52.660499572753906
2018-03-27,42.084999084472656,18.61199951171875,89.47000122070312,152.22000122070312,50.255001068115234
2018-03-28,41.619998931884766,17.185333251953125,89.38999938964844,153.02999877929688,50.22800064086914
2018-03-29,41.94499969482422,17.742000579833984,91.2699966430664,159.7899932861328,51.589500427246094
2018-04-02,41.66999816894531,16.832000732421875,88.5199966430664,155.38999938964844,50.32350158691406
2018-04-03,42.09749984741211,17.8353328704834,89.70999908447266,156.11000061035156,50.670501708984375
2018-04-04,42.90250015258789,19.12933349609375,92.33000183105469,155.10000610351562,51.25699996948242
2018-04-05,43.20000076293945,20.381332397460938,92.37999725341797,159.33999633789062,51.390499114990234
2018-04-06,42.095001220703125,19.953332901000977,90.2300033569336,157.1999969482422,50.35200119018555
2018-04-09,42.51250076293945,19.310667037963867,90.7699966430664,157.92999267578125,50.772499084472656
2018-04-10,43.3125,20.31333351135254,92.87999725341797,165.0399932861328,51.582000732421875
2018-04-11,43.11000061035156,20.062000274658203,91.86000061035156,166.32000732421875,50.99850082397461
2018-04-12,43.53499984741211,19.60533332824707,93.58000183105469,163.8699951171875,51.6254997253418
2018-04-13,43.682498931884766,20.022666931152344,93.08000183105469,164.52000427246094,51.4635009765625
2018-04-16,43.95500183105469,19.413999557495117,94.16999816894531,164.8300018310547,51.89899826049805
2018-04-17,44.560001373291016,19.179332733154297,96.06999969482422,168.66000366210938,53.70800018310547
2018-04-18,44.459999084472656,19.55666732788086,96.44000244140625,166.36000061035156,53.604000091552734
2018-04-19,43.20000076293945,20.005332946777344,96.11000061035156,168.10000610351562,54.3849983215332
2018-04-20,41.43000030517578,19.349332809448242,95.0,166.27999877929688,53.64799880981445
2018-04-23,41.310001373291016,18.891332626342773,95.3499984741211,165.83999633789062,53.372501373291016
2018-04-24,40.73500061035156,18.8973331451416,93.12000274658203,159.69000244140625,50.999000549316406
2018-04-25,40.912498474121094,18.71266746520996,92.30999755859375,159.69000244140625,51.058998107910156
2018-04-26,41.05500030517578,19.031999588012695,94.26000213623047,174.16000366210938,52.00199890136719
2018-04-27,40.58000183105469,19.60533332824707,95.81999969482422,173.58999633789062,51.502498626708984
2018-04-30,41.314998626708984,19.593332290649414,93.5199966430664,172.0,50.86650085449219
2018-05-01,42.275001525878906,19.994667053222656,95.0,173.86000061035156,51.865501403808594
2018-05-02,44.14250183105469,20.07666778564453,93.51000213623047,176.07000732421875,51.21900177001953
2018-05-03,44.22249984741211,18.963333129882812,94.06999969482422,174.02000427246094,51.18600082397461
2018-05-04,45.95750045776367,19.606000900268555,95.16000366210938,176.61000061035156,52.410499572753906
2018-05-07,46.290000915527344,20.184667587280273,96.22000122070312,177.97000122070312,52.739498138427734
2018-05-08,46.51250076293945,20.131332397460938,95.80999755859375,178.9199981689453,52.695499420166016
2018-05-09,46.84000015258789,20.456666946411133,96.94000244140625,182.66000366210938,54.13800048828125
2018-05-10,47.5099983215332,20.334667205810547,97.91000366210938,185.52999877929688,54.878501892089844
2018-05-11,47.147499084472656,20.070667266845703,97.69999694824219,186.99000549316406,54.91299819946289
2018-05-14,47.037498474121094,19.46466636657715,98.02999877929688,186.63999938964844,55.0099983215332
2018-05-15,46.61000061035156,18.94533348083496,97.31999969482422,184.32000732421875,53.96149826049805
2018-05-16,47.04499816894531,19.09866714477539,97.1500015258789,183.1999969482422,54.0885009765625
2018-05-17,46.747501373291016,18.96933364868164,96.18000030517578,183.75999450683594,53.929500579833984
2018-05-18,46.57749938964844,18.454666137695312,96.36000061035156,182.67999267578125,53.31800079345703
2018-05-21,46.907501220703125,18.965999603271484,97.5999984741211,184.49000549316406,53.979000091552734
2018-05-22,46.790000915527344,18.333999633789062,97.5,183.8000030517578,53.48649978637695
2018-05-23,47.09000015258789,18.60466766357422,98.66000366210938,186.89999389648438,53.984500885009766
2018-05-24,47.037498474121094,18.523332595825195,98.30999755859375,185.92999267578125,53.96200180053711
2018-05-25,47.14500045776367,18.59000015258789,98.36000061035156,184.9199981689453,53.78300094604492
2018-05-29,46.974998474121094,18.917333602905273,98.01000213623047,185.74000549316406,53.01599884033203
2018-05-30,46.875,19.447999954223633,98.94999694824219,187.6699981689453,53.38999938964844
2018-05-31,46.717498779296875,18.98200035095215,98.83999633789062,191.77999877929688,54.2495002746582
2018-06-01,47.560001373291016,19.454666137695312,100.79000091552734,193.99000549316406,55.974998474121094
2018-06-04,47.95750045776367,19.78266716003418,101.66999816894531,193.27999877929688,56.964500427246094
2018-06-05,48.32749938964844,19.408666610717773,102.19000244140625,192.94000244140625,56.983001708984375
2018-06-06,48.494998931884766,21.299999237060547,102.48999786376953,191.33999633789062,56.84400177001953
2018-06-07,48.3650016784668,21.07266616821289,100.87999725341797,188.17999267578125,56.19300079345703
2018-06-08,47.92499923706055,21.17733383178711,101.62999725341797,189.10000610351562,56.04349899291992
2018-06-11,47.807498931884766,22.139999389648438,101.05000305175781,191.5399932861328,56.4995002746582
2018-06-12,48.06999969482422,22.851333618164062,101.30999755859375,192.39999389648438,56.965999603271484
2018-06-13,47.67499923706055,22.985332489013672,100.8499984741211,192.41000366210938,56.739498138427734
2018-06-14,47.70000076293945,23.847999572753906,101.41999816894531,196.80999755859375,57.60599899291992
2018-06-15,47.209999084472656,23.878000259399414,100.12999725341797,195.85000610351562,57.612998962402344
2018-06-18,47.185001373291016,24.722000122070312,100.86000061035156,198.30999755859375,58.67300033569336
2018-06-19,46.42250061035156,23.503332138061523,100.86000061035156,197.49000549316406,58.40299987792969
2018-06-20,46.625,24.148000717163086,101.87000274658203,202.0,58.492000579833984
2018-06-21,46.3650016784668,23.167333602905273,101.13999938964844,201.5,57.882999420166016
2018-06-22,46.22999954223633,22.242000579833984,100.41000366210938,201.74000549316406,57.77399826049805
2018-06-25,45.54249954223633,22.200666427612305,98.38999938964844,196.35000610351562,56.240501403808594
2018-06-26,46.10749816894531,22.799999237060547,99.08000183105469,199.0,55.92300033569336
2018-06-27,46.040000915527344,22.96666717529297,97.54000091552734,195.83999633789062,55.19900131225586
2018-06-28,46.375,23.32866668701172,98.62999725341797,196.22999572753906,55.71099853515625
2018-06-29,46.27750015258789,22.863332748413086,98.61000061035156,194.32000732421875,55.782501220703125
2018-07-02,46.79499816894531,22.33799934387207,100.01000213623047,197.36000061035156,56.37300109863281
2018-07-03,45.97999954223633,20.724000930786133,99.05000305175781,192.72999572753906,55.144500732421875
2018-07-05,46.349998474121094,20.610666275024414,99.76000213623047,198.4499969482422,56.2135009765625
2018-07-06,46.99250030517578,20.593332290649414,101.16000366210938,203.22999572753906,57.00849914550781
2018-07-09,47.64500045776367,21.233999252319336,101.8499984741211,204.74000549316406,57.70249938964844
2018-07-10,47.587501525878906,21.49799919128418,102.12000274658203,203.5399932861328,57.641998291015625
2018-07-11,46.970001220703125,21.263999938964844,101.9800033569336,202.5399932861328,57.69499969482422
2018-07-12,47.75749969482422,21.11400032043457,104.19000244140625,206.9199981689453,59.17399978637695
2018-07-13,47.83250045776367,21.257999420166016,105.43000030517578,207.32000732421875,59.441001892089844
2018-07-16,47.727500915527344,20.67333221435547,104.91000366210938,207.22999572753906,59.19300079345703
2018-07-17,47.86249923706055,21.512666702270508,105.94999694824219,209.99000549316406,59.939998626708984
2018-07-18,47.599998474121094,21.59000015258789,105.12000274658203,209.36000061035156,59.79399871826172
2018-07-19,47.970001220703125,21.34866714477539,104.4000015258789,208.08999633789062,59.347999572753906
2018-07-20,47.86000061035156,20.905332565307617,106.2699966430664,209.94000244140625,59.24549865722656
2018-07-23,47.90250015258789,20.213333129882812,107.97000122070312,210.91000366210938,60.275001525878906
2018-07-24,48.25,19.82866668701172,107.66000366210938,214.6699981689453,62.40399932861328
2018-07-25,48.70500183105469,20.582666397094727,110.83000183105469,217.5,63.185001373291016
2018-07-26,48.5525016784668,20.44333267211914,109.62000274658203,176.25999450683594,63.416500091552734
2018-07-27,47.744998931884766,19.812000274658203,107.68000030517578,174.88999938964844,61.92499923706055
2018-07-30,47.477500915527344,19.344667434692383,105.37000274658203,171.05999755859375,60.98699951171875
2018-07-31,47.5724983215332,19.875999450683594,106.08000183105469,172.5800018310547,60.862998962402344
2018-08-01,50.375,20.055999755859375,106.27999877929688,171.64999389648438,61.0004997253418
2018-08-02,51.84749984741211,23.30266761779785,107.56999969482422,176.3699951171875,61.307498931884766
2018-08-03,51.997501373291016,23.211332321166992,108.04000091552734,177.77999877929688,61.18550109863281
2018-08-06,52.26750183105469,22.799333572387695,108.12999725341797,185.69000244140625,61.23849868774414
2018-08-07,51.77750015258789,25.30466651916504,108.87999725341797,183.80999755859375,62.111000061035156
2018-08-08,51.8125,24.689332962036133,109.48999786376953,185.17999267578125,62.28049850463867
2018-08-09,52.220001220703125,23.496667861938477,109.66999816894531,183.08999633789062,62.45500183105469
2018-08-10,51.88249969482422,23.69933319091797,109.0,180.25999450683594,61.88050079345703
2018-08-13,52.217498779296875,23.76066780090332,108.20999908447266,180.0500030517578,61.7504997253418
2018-08-14,52.4375,23.176000595092773,109.55999755859375,181.11000061035156,62.10499954223633
2018-08-15,52.560001373291016,22.57933235168457,107.66000366210938,179.52999877929688,60.71900177001953
2018-08-16,53.33000183105469,22.363332748413086,107.63999938964844,174.6999969482422,60.324501037597656
2018-08-17,54.39500045776367,20.366666793823242,107.58000183105469,173.8000030517578,60.04800033569336
2018-08-20,53.8650016784668,20.562667846679688,106.87000274658203,172.5,60.38850021362305
2018-08-21,53.7599983215332,21.459999084472656,105.9800033569336,172.6199951171875,60.08100128173828
2018-08-22,53.76250076293945,21.44266700744629,107.05999755859375,173.63999938964844,60.36650085449219
2018-08-23,53.872501373291016,21.34000015258789,107.55999755859375,172.89999389648438,60.26900100708008
2018-08-24,54.040000915527344,21.521333694458008,108.4000015258789,174.64999389648438,61.032501220703125
2018-08-27,54.48500061035156,21.284666061401367,109.5999984741211,177.4600067138672,62.090999603271484
2018-08-28,54.92499923706055,20.790666580200195,110.26000213623047,176.25999450683594,61.557498931884766
2018-08-29,55.744998931884766,20.333999633789062,112.0199966430664,175.89999389648438,62.46500015258789
2018-08-30,56.25749969482422,20.209999084472656,111.94999694824219,177.63999938964844,61.95600128173828
2018-08-31,56.907501220703125,20.110666275024414,112.33000183105469,175.72999572753906,60.90950012207031
2018-09-04,57.09000015258789,19.26333236694336,111.70999908447266,171.16000366210938,59.849998474121094
2018-09-05,56.717498779296875,18.715999603271484,108.48999786376953,167.17999267578125,59.32400131225586
2018-09-06,55.775001525878906,18.729999542236328,108.73999786376953,162.52999877929688,58.571998596191406
2018-09-07,55.32500076293945,17.549333572387695,108.20999908447266,163.0399932861328,58.24150085449219
2018-09-10,54.58250045776367,19.03333282470703,109.37999725341797,164.17999267578125,58.231998443603516
2018-09-11,55.962501525878906,18.62933349609375,111.23999786376953,165.94000244140625,58.86800003051758
2018-09-12,55.26750183105469,19.369333267211914,111.70999908447266,162.0,58.14099884033203
2018-09-13,56.602500915527344,19.297332763671875,112.91000366210938,161.36000061035156,58.76649856567383
2018-09-14,55.959999084472656,19.68000030517578,113.37000274658203,162.32000732421875,58.62649917602539
2018-09-17,54.470001220703125,19.6560001373291,112.13999938964844,160.5800018310547,57.8025016784668
2018-09-18,54.560001373291016,18.997333526611328,113.20999908447266,160.3000030517578,58.06100082397461
2018-09-19,54.592498779296875,19.934667587280273,111.69999694824219,163.05999755859375,58.554500579833984
2018-09-20,55.00749969482422,19.8886661529541,113.56999969482422,166.02000427246094,59.34349822998047
2018-09-21,54.415000915527344,19.940000534057617,114.26000213623047,162.92999267578125,58.304500579833984
2018-09-24,55.1974983215332,19.978666305541992,114.66999816894531,165.41000366210938,58.66849899291992
2018-09-25,55.54750061035156,20.06599998474121,114.44999694824219,164.91000366210938,59.23249816894531
2018-09-26,55.10499954223633,20.6386661529541,113.9800033569336,166.9499969482422,59.02450180053711
2018-09-27,56.23749923706055,20.501333236694336,114.41000366210938,168.83999633789062,59.731998443603516
2018-09-28,56.435001373291016,17.65133285522461,114.37000274658203,164.4600067138672,59.673500061035156
2018-10-01,56.814998626708984,20.713333129882812,115.61000061035156,162.44000244140625,59.765499114990234
2018-10-02,57.31999969482422,20.06800079345703,115.1500015258789,159.3300018310547,60.00550079345703
2018-10-03,58.01750183105469,19.65333366394043,115.16999816894531,162.42999267578125,60.147499084472656
2018-10-04,56.997501373291016,18.788667678833008,112.79000091552734,158.85000610351562,58.40950012207031
2018-10-05,56.0724983215332,17.463333129882812,112.12999725341797,157.3300018310547,57.86750030517578
2018-10-08,55.942501068115234,16.70400047302246,110.8499984741211,157.25,57.44850158691406
2018-10-09,56.717498779296875,17.520000457763672,112.26000213623047,157.89999389648438,56.941001892089844
2018-10-10,54.09000015258789,17.125333786010742,106.16000366210938,151.3800048828125,54.06100082397461
2018-10-11,53.61249923706055,16.815332412719727,105.91000366210938,153.35000610351562,53.965999603271484
2018-10-12,55.52750015258789,17.25200080871582,109.56999969482422,153.74000549316406,55.50400161743164
2018-10-15,54.34000015258789,17.305999755859375,107.5999984741211,153.52000427246094,54.61249923706055
2018-10-16,55.537498474121094,18.439332962036133,111.0,158.77999877929688,56.06399917602539
2018-10-17,55.29750061035156,18.118667602539062,110.70999908447266,159.4199981689453,55.78450012207031
2018-10-18,54.005001068115234,17.5939998626709,108.5,154.9199981689453,54.39849853515625
2018-10-19,54.82749938964844,17.333332061767578,108.66000366210938,154.0500030517578,54.823001861572266
2018-10-22,55.162498474121094,17.39666748046875,109.62999725341797,154.77999877929688,55.05799865722656
2018-10-23,55.682498931884766,19.609333038330078,108.0999984741211,154.38999938964844,55.18450164794922
2018-10-24,53.772499084472656,19.233333587646484,102.31999969482422,146.0399932861328,52.535499572753906
2018-10-25,54.95000076293945,20.99066734313965,108.30000305175781,150.9499969482422,54.778499603271484
2018-10-26,54.07500076293945,22.059999465942383,106.95999908447266,145.3699951171875,53.57350158691406
2018-10-29,53.060001373291016,22.323333740234375,103.8499984741211,142.08999633789062,51.00400161743164
2018-10-30,53.32500076293945,21.99333381652832,103.7300033569336,146.22000122070312,51.81050109863281
2018-10-31,54.71500015258789,22.488000869750977,106.80999755859375,151.7899932861328,53.8385009765625
2018-11-01,55.55500030517578,22.95199966430664,105.91999816894531,151.75,53.5
2018-11-02,51.869998931884766,23.0939998626709,106.16000366210938,150.35000610351562,52.88949966430664
2018-11-05,50.397499084472656,22.760000228881836,107.51000213623047,148.67999267578125,52.00450134277344
2018-11-06,50.942501068115234,22.737333297729492,107.72000122070312,149.94000244140625,52.79050064086914
2018-11-07,52.48749923706055,23.21066665649414,111.95999908447266,151.52999877929688,54.669498443603516
2018-11-08,52.122501373291016,23.426666259765625,111.75,147.8699951171875,54.119998931884766
2018-11-09,51.11750030517578,23.367332458496094,109.56999969482422,144.9600067138672,53.307498931884766
2018-11-12,48.54249954223633,22.0853328704834,106.87000274658203,141.5500030517578,51.93149948120117
2018-11-13,48.057498931884766,22.582000732421875,106.94000244140625,142.16000366210938,51.8025016784668
2018-11-14,46.70000076293945,22.933332443237305,104.97000122070312,144.22000122070312,52.18299865722656
2018-11-15,47.852500915527344,23.229333877563477,107.27999877929688,143.85000610351562,53.23550033569336
2018-11-16,48.38249969482422,23.62066650390625,108.29000091552734,139.52999877929688,53.074501037597656
2018-11-19,46.46500015258789,23.564666748046875,104.62000274658203,131.5500030517578,51.0
2018-11-20,44.244998931884766,23.166000366210938,101.70999908447266,132.42999267578125,51.28799819946289
2018-11-21,44.19499969482422,22.54599952697754,103.11000061035156,134.82000732421875,51.88050079345703
2018-11-23,43.0724983215332,21.722000122070312,103.06999969482422,131.72999572753906,51.194000244140625
2018-11-26,43.654998779296875,23.066667556762695,106.47000122070312,136.3800048828125,52.430999755859375
2018-11-27,43.560001373291016,22.92799949645996,107.13999938964844,135.0,52.22050094604492
2018-11-28,45.23500061035156,23.191333770751953,111.12000274658203,136.75999450683594,54.311500549316406
2018-11-29,44.88750076293945,22.744667053222656,110.19000244140625,138.67999267578125,54.415000915527344
2018-11-30,44.64500045776367,23.365333557128906,110.88999938964844,140.61000061035156,54.721500396728516
2018-12-03,46.20500183105469,23.89933204650879,112.08999633789062,141.08999633789062,55.32149887084961
2018-12-04,44.17250061035156,23.979999542236328,108.5199966430664,137.92999267578125,52.54100036621094
2018-12-06,43.68000030517578,24.20400047302246,109.19000244140625,139.6300048828125,53.436500549316406
2018-12-07,42.122501373291016,23.864667892456055,104.81999969482422,137.4199981689453,51.82899856567383
2018-12-10,42.400001525878906,24.343332290649414,107.58999633789062,141.85000610351562,51.977500915527344
2018-12-11,42.157501220703125,24.450666427612305,108.58999633789062,142.0800018310547,52.587501525878906
2018-12-12,42.275001525878906,24.440000534057617,109.08000183105469,144.5,53.183998107910156
2018-12-13,42.73749923706055,25.119333267211914,109.44999694824219,145.00999450683594,53.095001220703125
2018-12-14,41.369998931884766,24.380666732788086,106.02999877929688,144.05999755859375,52.10499954223633
2018-12-17,40.98500061035156,23.22800064086914,102.88999938964844,140.19000244140625,50.826499938964844
2018-12-18,41.51750183105469,22.468666076660156,103.97000122070312,143.66000366210938,51.43550109863281
2018-12-19,40.22249984741211,22.197999954223633,103.69000244140625,133.24000549316406,51.1505012512207
2018-12-20,39.20750045776367,21.025333404541016,101.51000213623047,133.39999389648438,50.47050094604492
2018-12-21,37.682498931884766,21.31800079345703,98.2300033569336,124.94999694824219,48.97700119018555
2018-12-24,36.70750045776367,19.69266700744629,94.12999725341797,124.05999755859375,48.81100082397461
2018-12-26,39.29249954223633,21.73933219909668,100.55999755859375,134.17999267578125,51.972999572753906
2018-12-27,39.037498474121094,21.075332641601562,101.18000030517578,134.52000427246094,52.194000244140625
2018-12-28,39.057498931884766,22.257999420166016,100.38999938964844,133.1999969482422,51.854000091552734
2018-12-31,39.435001373291016,22.18666648864746,101.56999969482422,131.08999633789062,51.78049850463867
2019-01-02,39.47999954223633,20.674667358398438,101.12000274658203,135.67999267578125,52.29249954223633
2019-01-03,35.54750061035156,20.02400016784668,97.4000015258789,131.74000549316406,50.803001403808594
2019-01-04,37.064998626708984,21.179332733154297,101.93000030517578,137.9499969482422,53.535499572753906
2019-01-07,36.98249816894531,22.33066749572754,102.05999755859375,138.0500030517578,53.419498443603516
2019-01-08,37.6875,22.356666564941406,102.80000305175781,142.52999877929688,53.81399917602539
2019-01-09,38.32749938964844,22.568666458129883,104.2699966430664,144.22999572753906,53.733001708984375
2019-01-10,38.45000076293945,22.99799919128418,103.5999984741211,144.1999969482422,53.51649856567383
2019-01-11,38.0724983215332,23.150667190551758,102.80000305175781,143.8000030517578,52.859500885009766
2019-01-14,37.5,22.293333053588867,102.05000305175781,145.38999938964844,52.234500885009766
2019-01-15,38.26750183105469,22.961999893188477,105.01000213623047,148.9499969482422,53.85749816894531
2019-01-16,38.73500061035156,23.06999969482422,105.37999725341797,147.5399932861328,54.048500061035156
2019-01-17,38.96500015258789,23.15399932861328,106.12000274658203,148.3000030517578,54.494998931884766
2019-01-18,39.20500183105469,20.150667190551758,107.70999908447266,150.0399932861328,54.91299819946289
2019-01-22,38.32500076293945,19.92799949645996,105.68000030517578,147.57000732421875,53.5260009765625
2019-01-23,38.47999954223633,19.172666549682617,106.70999908447266,144.3000030517578,53.778499603271484
2019-01-24,38.17499923706055,19.43400001525879,106.19999694824219,145.8300018310547,53.69499969482422
2019-01-25,39.439998626708984,19.80266761779785,107.16999816894531,149.00999450683594,54.54949951171875
2019-01-28,39.07500076293945,19.7586669921875,105.08000183105469,147.47000122070312,53.50400161743164
2019-01-29,38.66999816894531,19.83066749572754,102.94000244140625,144.19000244140625,53.03099822998047
2019-01-30,41.3125,20.584667205810547,106.37999725341797,150.4199981689453,54.452999114990234
2019-01-31,41.61000061035156,20.468000411987305,104.43000030517578,166.69000244140625,55.81850051879883
2019-02-01,41.630001068115234,20.81399917602539,102.77999877929688,165.7100067138672,55.537498474121094
2019-02-04,42.8125,20.859333038330078,105.73999786376953,169.25,56.63999938964844
2019-02-05,43.54499816894531,21.42333221435547,107.22000122070312,171.16000366210938,57.29949951171875
2019-02-06,43.560001373291016,21.148000717163086,106.02999877929688,170.49000549316406,55.76150131225586
2019-02-07,42.73500061035156,20.500667572021484,105.2699966430664,166.3800048828125,54.93550109863281
2019-02-08,42.602500915527344,20.386667251586914,105.66999816894531,167.3300018310547,54.75299835205078
2019-02-11,42.35749816894531,20.856000900268555,105.25,165.7899932861328,54.7504997253418
2019-02-12,42.72249984741211,20.78733253479004,106.88999938964844,165.0399932861328,56.06850051879883
2019-02-13,42.54499816894531,20.544666290283203,106.80999755859375,164.07000732421875,56.007999420166016
2019-02-14,42.70000076293945,20.251333236694336,106.9000015258789,163.9499969482422,56.083499908447266
2019-02-15,42.60499954223633,20.525333404541016,108.22000122070312,162.5,55.682498931884766
2019-02-19,42.73249816894531,20.375999450683594,108.16999816894531,162.2899932861328,55.928001403808594
2019-02-20,43.00749969482422,20.17066764831543,107.1500015258789,162.55999755859375,55.689998626708984
2019-02-21,42.76499938964844,19.415332794189453,109.41000366210938,160.0399932861328,54.8484992980957
2019-02-22,43.24250030517578,19.6473331451416,110.97000122070312,161.88999938964844,55.51850128173828
2019-02-25,43.557498931884766,19.917999267578125,111.58999633789062,164.6199951171875,55.470001220703125
2019-02-26,43.58250045776367,19.857332229614258,112.36000061035156,164.1300048828125,55.756500244140625
2019-02-27,43.717498779296875,20.982667922973633,112.16999816894531,162.80999755859375,55.8025016784668
2019-02-28,43.287498474121094,21.325332641601562,112.02999877929688,161.4499969482422,55.99599838256836
2019-03-01,43.74250030517578,19.652666091918945,112.52999877929688,162.27999877929688,57.04949951171875
2019-03-04,43.962501525878906,19.02400016784668,112.26000213623047,167.3699951171875,57.38999938964844
2019-03-05,43.88249969482422,18.43600082397461,111.69999694824219,171.25999450683594,58.10150146484375
2019-03-06,43.630001068115234,18.416000366210938,111.75,172.50999450683594,57.893001556396484
2019-03-07,43.125,18.439332962036133,110.38999938964844,169.1300048828125,57.165000915527344
2019-03-08,43.227500915527344,18.94266700744629,110.51000213623047,169.60000610351562,57.11600112915039
2019-03-11,44.724998474121094,19.39466667175293,112.83000183105469,172.07000732421875,58.78799819946289
2019-03-12,45.227500915527344,18.890666961669922,113.62000274658203,171.9199981689453,59.65999984741211
2019-03-13,45.4275016784668,19.263999938964844,114.5,173.3699951171875,59.66600036621094
2019-03-14,45.932498931884766,19.33066749572754,114.58999633789062,170.1699981689453,59.27750015258789
2019-03-15,46.529998779296875,18.36199951171875,115.91000366210938,165.97999572753906,59.222999572753906
2019-03-18,47.005001068115234,17.965999603271484,117.56999969482422,160.47000122070312,59.2130012512207
2019-03-19,46.63249969482422,17.83133316040039,117.6500015258789,161.57000732421875,59.942501068115234
2019-03-20,47.040000915527344,18.239999771118164,117.5199966430664,165.44000244140625,61.19850158691406
2019-03-21,48.772499084472656,18.26799964904785,120.22000122070312,166.0800018310547,61.57699966430664
2019-03-22,47.76250076293945,17.635332107543945,117.05000305175781,164.33999633789062,60.275001525878906
2019-03-25,47.185001373291016,17.3613338470459,117.66000366210938,166.2899932861328,59.650001525878906
2019-03-26,46.6974983215332,17.851333618164062,117.91000366210938,167.67999267578125,59.23099899291992
2019-03-27,47.11750030517578,18.32200050354004,116.7699966430664,165.8699951171875,58.6510009765625
2019-03-28,47.18000030517578,18.57466697692871,116.93000030517578,165.5500030517578,58.42449951171875
2019-03-29,47.48749923706055,18.657333374023438,117.94000244140625,166.69000244140625,58.66550064086914
2019-04-01,47.810001373291016,19.278667449951172,119.0199966430664,168.6999969482422,59.721500396728516
2019-04-02,48.505001068115234,19.058666229248047,119.19000244140625,174.1999969482422,60.02450180053711
2019-04-03,48.837501525878906,19.45400047302246,119.97000122070312,173.5399932861328,60.29600143432617
2019-04-04,48.92250061035156,17.851999282836914,119.36000061035156,176.02000427246094,60.75
2019-04-05,49.25,18.33066749572754,119.88999938964844,175.72000122070312,60.35749816894531
2019-04-08,50.025001525878906,18.213333129882812,119.93000030517578,174.92999267578125,60.19200134277344
2019-04-09,49.875,18.15399932861328,119.27999877929688,177.5800018310547,59.86249923706055
2019-04-10,50.154998779296875,18.40399932861328,120.19000244140625,177.82000732421875,60.108001708984375
2019-04-11,49.73749923706055,17.89466667175293,120.33000183105469,177.50999450683594,60.23099899291992
2019-04-12,49.717498779296875,17.84666633605957,120.94999694824219,179.10000610351562,60.89350128173828
2019-04-15,49.807498931884766,17.7586669921875,121.05000305175781,179.64999389648438,61.05500030517578
2019-04-16,49.8125,18.224000930786133,120.7699966430664,178.8699951171875,61.35649871826172
2019-04-17,50.782501220703125,18.082000732421875,121.7699966430664,178.77999877929688,61.81700134277344
2019-04-18,50.96500015258789,18.21733283996582,123.37000274658203,178.27999877929688,61.81850051879883
2019-04-22,51.13249969482422,17.516666412353516,123.76000213623047,181.44000244140625,62.44200134277344
2019-04-23,51.869998931884766,17.593332290649414,125.44000244140625,183.77999877929688,63.227500915527344
2019-04-24,51.790000915527344,17.243999481201172,125.01000213623047,182.5800018310547,62.79999923706055
2019-04-25,51.31999969482422,16.5086669921875,129.14999389648438,193.25999450683594,63.17250061035156
2019-04-26,51.07500076293945,15.675999641418457,129.88999938964844,191.49000549316406,63.60900115966797
2019-04-29,51.15250015258789,16.097999572753906,129.77000427246094,194.77999877929688,64.37899780273438
2019-04-30,50.16749954223633,15.912667274475098,130.60000610351562,193.39999389648438,59.42399978637695
2019-05-01,52.630001068115234,15.600666999816895,127.87999725341797,193.02999877929688,58.40399932861328
2019-05-02,52.287498474121094,16.273332595825195,126.20999908447266,192.52999877929688,58.13050079345703
2019-05-03,52.9375,17.00200080871582,128.89999389648438,195.47000122070312,59.27000045776367
2019-05-06,52.119998931884766,17.022666931152344,128.14999389648438,193.8800048828125,59.46950149536133
2019-05-07,50.71500015258789,16.470666885375977,125.5199966430664,189.77000427246094,58.70500183105469
2019-05-08,50.724998474121094,16.32266616821289,125.51000213623047,189.5399932861328,58.313499450683594
2019-05-09,50.18000030517578,16.131999969482422,125.5,188.64999389648438,58.11899948120117
2019-05-10,49.29499816894531,15.968000411987305,127.12999725341797,188.33999633789062,58.2135009765625
2019-05-13,46.43000030517578,15.133999824523926,123.3499984741211,181.5399932861328,56.60150146484375
2019-05-14,47.165000915527344,15.487333297729492,124.7300033569336,180.72999572753906,56.02199935913086
2019-05-15,47.72999954223633,15.463333129882812,126.0199966430664,186.27000427246094,58.21049880981445
2019-05-16,47.52000045776367,15.222000122070312,128.92999267578125,186.99000549316406,58.94900131225586
2019-05-17,47.25,14.0686674118042,128.07000732421875,185.3000030517578,58.1150016784668
2019-05-20,45.772499084472656,13.690667152404785,126.22000122070312,182.72000122070312,56.942501068115234
2019-05-21,46.650001525878906,13.67199993133545,126.9000015258789,184.82000732421875,57.48149871826172
2019-05-22,45.69499969482422,12.84866714477539,127.66999816894531,185.32000732421875,57.57099914550781
2019-05-23,44.915000915527344,13.03266716003418,126.18000030517578,180.8699951171875,57.03850173950195
2019-05-24,44.74250030517578,12.708666801452637,126.23999786376953,181.05999755859375,56.673500061035156
2019-05-28,44.557498931884766,12.579999923706055,126.16000366210938,184.30999755859375,56.70750045776367
2019-05-29,44.345001220703125,12.657333374023438,124.94000244140625,182.19000244140625,55.823001861572266
2019-05-30,44.57500076293945,12.54800033569336,125.7300033569336,183.00999450683594,55.897499084472656
2019-05-31,43.76750183105469,12.343999862670898,123.68000030517578,177.47000122070312,55.18149948120117
2019-06-03,43.32500076293945,11.9313325881958,119.83999633789062,164.14999389648438,51.811500549316406
2019-06-04,44.90999984741211,12.90666675567627,123.16000366210938,167.5,52.65250015258789
2019-06-05,45.6349983215332,13.105999946594238,125.83000183105469,168.1699981689453,52.111000061035156
2019-06-06,46.30500030517578,13.729999542236328,127.81999969482422,168.3300018310547,52.21699905395508
2019-06-07,47.537498474121094,13.633333206176758,131.39999389648438,173.35000610351562,53.301998138427734
2019-06-10,48.14500045776367,14.192000389099121,132.60000610351562,174.82000732421875,54.01900100708008
2019-06-11,48.70249938964844,14.473333358764648,132.10000610351562,178.10000610351562,53.93600082397461
2019-06-12,48.54750061035156,13.950667381286621,131.49000549316406,175.0399932861328,53.85150146484375
2019-06-13,48.537498474121094,14.260666847229004,132.32000732421875,177.47000122070312,54.438499450683594
2019-06-14,48.185001373291016,14.32800006866455,132.4499969482422,181.3300018310547,54.26750183105469
2019-06-17,48.47249984741211,15.001999855041504,132.85000610351562,189.00999450683594,54.625
2019-06-18,49.61249923706055,14.982666969299316,135.16000366210938,188.47000122070312,55.18000030517578
2019-06-19,49.467498779296875,15.095333099365234,135.69000244140625,187.47999572753906,55.11650085449219
2019-06-20,49.8650016784668,14.641332626342773,136.9499969482422,189.52999877929688,55.57099914550781
2019-06-21,49.69499969482422,14.790666580200195,136.97000122070312,191.13999938964844,56.09400177001953
2019-06-24,49.64500045776367,14.909333229064941,137.77999877929688,192.60000610351562,55.7760009765625
2019-06-25,48.89250183105469,14.650667190551758,133.42999267578125,188.83999633789062,54.317501068115234
2019-06-26,49.95000076293945,14.618000030517578,133.92999267578125,187.66000366210938,53.9900016784668
2019-06-27,49.935001373291016,14.855999946594238,134.14999389648438,189.5,53.800498962402344
2019-06-28,49.47999954223633,14.897333145141602,133.9600067138672,193.0,54.045501708984375
2019-07-01,50.38750076293945,15.14466667175293,135.67999267578125,193.0,54.897499084472656
2019-07-02,50.682498931884766,14.970000267028809,136.5800018310547,195.0,55.5625
2019-07-03,51.102500915527344,15.65999984741211,137.4600067138672,197.1999969482422,56.07899856567383
2019-07-05,51.057498931884766,15.539999961853027,137.05999755859375,196.39999389648438,56.579498291015625
2019-07-08,50.005001068115234,15.355999946594238,136.9600067138672,195.75999450683594,55.817501068115234
2019-07-09,50.310001373291016,15.337332725524902,136.4600067138672,199.2100067138672,56.24150085449219
2019-07-10,50.807498931884766,15.928000450134277,137.85000610351562,202.72999572753906,57.02399826049805
2019-07-11,50.4375,15.90666675567627,138.39999389648438,201.22999572753906,57.21049880981445
2019-07-12,50.82500076293945,16.338666915893555,138.89999389648438,204.8699951171875,57.244998931884766
2019-07-15,51.3025016784668,16.899999618530273,138.89999389648438,203.91000366210938,57.516998291015625
2019-07-16,51.125,16.825332641601562,137.0800018310547,203.83999633789062,57.67900085449219
2019-07-17,50.837501525878906,16.99066734313965,136.27000427246094,201.8000030517578,57.317501068115234
2019-07-18,51.415000915527344,16.902666091918945,136.4199981689453,200.77999877929688,57.31650161743164
2019-07-19,50.647499084472656,17.211999893188477,136.6199951171875,198.36000061035156,56.505001068115234
2019-07-22,51.80500030517578,17.045333862304688,138.42999267578125,202.32000732421875,56.903499603271484
2019-07-23,52.209999084472656,17.344667434692383,139.2899932861328,202.36000061035156,57.31050109863281
2019-07-24,52.16749954223633,17.658666610717773,140.72000122070312,204.66000366210938,56.890499114990234
2019-07-25,51.755001068115234,15.254667282104492,140.19000244140625,200.7100067138672,56.60599899291992
2019-07-26,51.935001373291016,15.202667236328125,141.33999633789062,199.75,62.52050018310547
2019-07-29,52.41999816894531,15.718000411987305,141.02999877929688,195.94000244140625,61.97050094604492
2019-07-30,52.19499969482422,16.150667190551758,140.35000610351562,197.0399932861328,61.25699996948242
2019-07-31,53.2599983215332,16.107332229614258,136.27000427246094,194.22999572753906,60.83399963378906
2019-08-01,52.10749816894531,15.59000015258789,138.05999755859375,192.72999572753906,60.45050048828125
2019-08-02,51.005001068115234,15.62266731262207,136.89999389648438,189.02000427246094,59.699501037597656
2019-08-05,48.334999084472656,15.221332550048828,132.2100067138672,181.72999572753906,57.61600112915039
2019-08-06,49.25,15.383333206176758,134.69000244140625,184.50999450683594,58.497501373291016
2019-08-07,49.7599983215332,15.561332702636719,135.27999877929688,185.14999389648438,58.699501037597656
2019-08-08,50.85749816894531,15.886667251586914,138.88999938964844,190.16000366210938,60.2400016784668
2019-08-09,50.247501373291016,15.667332649230957,137.7100067138672,187.85000610351562,59.4005012512207
2019-08-12,50.119998931884766,15.267333030700684,135.7899932861328,185.3699951171875,58.73550033569336
2019-08-13,52.24250030517578,15.666666984558105,138.60000610351562,188.4499969482422,59.86349868774414
2019-08-14,50.6875,14.641332626342773,133.97999572753906,179.7100067138672,58.214500427246094
2019-08-15,50.435001373291016,14.37600040435791,133.67999267578125,182.58999633789062,58.362998962402344
2019-08-16,51.625,14.662667274475098,136.1300048828125,183.6999969482422,58.880001068115234
2019-08-19,52.587501525878906,15.121999740600586,138.41000366210938,186.1699981689453,59.92250061035156
2019-08-20,52.59000015258789,15.057332992553711,137.25999450683594,183.80999755859375,59.134498596191406
2019-08-21,53.15999984741211,14.722000122070312,138.7899932861328,183.5500030517578,59.5625
2019-08-22,53.1150016784668,14.8100004196167,137.77999877929688,182.0399932861328,59.47650146484375
2019-08-23,50.65999984741211,14.09333324432373,133.38999938964844,177.75,57.56449890136719
2019-08-26,51.622501373291016,14.333333015441895,135.4499969482422,180.36000061035156,58.44449996948242
2019-08-27,51.040000915527344,14.272000312805176,135.74000549316406,181.3000030517578,58.391998291015625
2019-08-28,51.38249969482422,14.37266731262207,135.55999755859375,181.75999450683594,58.55099868774414
2019-08-29,52.252498626708984,14.780667304992676,138.1199951171875,185.57000732421875,59.64250183105469
2019-08-30,52.185001373291016,15.040666580200195,137.86000061035156,185.6699981689453,59.404998779296875
2019-09-03,51.42499923706055,15.000666618347168,136.0399932861328,182.38999938964844,58.419498443603516
2019-09-04,52.29750061035156,14.711999893188477,137.6300048828125,187.13999938964844,59.070499420166016
2019-09-05,53.31999969482422,15.305333137512207,140.0500030517578,190.89999389648438,60.569000244140625
2019-09-06,53.314998626708984,15.16333293914795,139.10000610351562,187.49000549316406,60.246498107910156
2019-09-09,53.54249954223633,15.452667236328125,137.52000427246094,188.75999450683594,60.22050094604492
2019-09-10,54.17499923706055,15.702667236328125,136.0800018310547,186.1699981689453,60.29999923706055
2019-09-11,55.897499084472656,16.47333335876465,136.1199951171875,188.49000549316406,61.00849914550781
2019-09-12,55.772499084472656,16.391332626342773,137.52000427246094,187.47000122070312,61.712501525878906
2019-09-13,54.6875,16.34666633605957,137.32000732421875,187.19000244140625,61.97800064086914
2019-09-16,54.974998474121094,16.187332153320312,136.3300018310547,186.22000122070312,61.564998626708984
2019-09-17,55.17499923706055,16.319332122802734,137.38999938964844,188.0800018310547,61.45750045776367
2019-09-18,55.692501068115234,16.232667922973633,138.52000427246094,188.13999938964844,61.62049865722656
2019-09-19,55.2400016784668,16.440000534057617,141.07000732421875,190.13999938964844,61.93550109863281
2019-09-20,54.432498931884766,16.041332244873047,139.44000244140625,189.92999267578125,61.496498107910156
2019-09-23,54.68000030517578,16.082000732421875,139.13999938964844,186.82000732421875,61.701499938964844
2019-09-24,54.41999816894531,14.880666732788086,137.3800048828125,181.27999877929688,60.9379997253418
2019-09-25,55.25749969482422,15.24666690826416,139.36000061035156,182.8000030517578,62.32600021362305
2019-09-26,54.97249984741211,16.17066764831543,139.5399932861328,180.11000061035156,62.06949996948242
2019-09-27,54.70500183105469,16.142000198364258,137.72999572753906,177.10000610351562,61.25450134277344
2019-09-30,55.99250030517578,16.058000564575195,139.02999877929688,178.0800018310547,60.95000076293945
2019-10-01,56.147499084472656,16.312667846679688,137.07000732421875,175.80999755859375,60.255001068115234
2019-10-02,54.7400016784668,16.208667755126953,134.64999389648438,174.60000610351562,58.83150100708008
2019-10-03,55.20500183105469,15.535332679748535,136.27999877929688,179.3800048828125,59.39149856567383
2019-10-04,56.752498626708984,15.428667068481445,138.1199951171875,180.4499969482422,60.45000076293945
2019-10-07,56.76499938964844,15.847999572753906,137.1199951171875,179.67999267578125,60.38399887084961
2019-10-08,56.099998474121094,16.003332138061523,135.6699981689453,177.75,59.45650100708008
2019-10-09,56.75749969482422,16.302000045776367,138.24000549316406,179.85000610351562,60.115501403808594
2019-10-10,57.522499084472656,16.31599998474121,139.10000610351562,180.02999877929688,60.43349838256836
2019-10-11,59.0525016784668,16.525999069213867,139.67999267578125,184.19000244140625,60.772499084472656
2019-10-14,58.967498779296875,17.130666732788086,139.5500030517578,183.27999877929688,60.856998443603516
2019-10-15,58.83000183105469,17.19266700744629,141.57000732421875,188.88999938964844,62.1505012512207
2019-10-16,58.592498779296875,17.316667556762695,140.41000366210938,189.5500030517578,62.18199920654297
2019-10-17,58.81999969482422,17.46466636657715,139.69000244140625,190.38999938964844,62.653499603271484
2019-10-18,59.102500915527344,17.1299991607666,137.41000366210938,185.85000610351562,62.27450180053711
2019-10-21,60.127498626708984,16.899999618530273,138.42999267578125,189.75999450683594,62.307498931884766
2019-10-22,59.9900016784668,17.038667678833008,136.3699951171875,182.33999633789062,62.13999938964844
2019-10-23,60.79499816894531,16.978666305541992,137.24000549316406,186.14999389648438,62.95650100708008
2019-10-24,60.89500045776367,19.978666305541992,139.94000244140625,186.3800048828125,63.04949951171875
2019-10-25,61.64500045776367,21.875333786010742,140.72999572753906,187.88999938964844,63.256500244140625
2019-10-28,62.26250076293945,21.847333908081055,144.19000244140625,189.39999389648438,64.5
2019-10-29,60.8224983215332,21.08133316040039,142.8300018310547,189.30999755859375,63.13100051879883
2019-10-30,60.814998626708984,21.000667572021484,144.61000061035156,188.25,63.06449890136719
2019-10-31,62.189998626708984,20.994667053222656,143.3699951171875,191.64999389648438,63.00550079345703
2019-11-01,63.95500183105469,20.887332916259766,143.72000122070312,193.6199951171875,63.6870002746582
2019-11-04,64.375,21.1646671295166,144.5500030517578,194.72000122070312,64.56849670410156
2019-11-05,64.28250122070312,21.148000717163086,144.4600067138672,194.32000732421875,64.60150146484375
2019-11-06,64.30999755859375,21.77199935913086,144.05999755859375,191.5500030517578,64.58999633789062
2019-11-07,64.85749816894531,22.369333267211914,144.25999450683594,190.4199981689453,65.44300079345703
2019-11-08,65.03500366210938,22.47599983215332,145.9600067138672,190.83999633789062,65.56849670410156
2019-11-11,65.55000305175781,23.006000518798828,146.11000061035156,189.61000061035156,64.95950317382812
2019-11-12,65.48999786376953,23.32866668701172,147.07000732421875,194.47000122070312,64.94000244140625
2019-11-13,66.11750030517578,23.073999404907227,147.30999755859375,193.19000244140625,64.9000015258789
2019-11-14,65.66000366210938,23.290000915527344,148.05999755859375,193.14999389648438,65.572998046875
2019-11-15,66.44000244140625,23.47800064086914,149.97000122070312,195.10000610351562,66.74349975585938
2019-11-18,66.7750015258789,23.332666397094727,150.33999633789062,197.39999389648438,66.03500366210938
2019-11-19,66.57250213623047,23.968000411987305,150.38999938964844,199.32000732421875,65.77300262451172
2019-11-20,65.79750061035156,23.481332778930664,149.6199951171875,197.50999450683594,65.15249633789062
2019-11-21,65.50250244140625,23.655332565307617,149.47999572753906,197.92999267578125,65.06749725341797
2019-11-22,65.44499969482422,22.202667236328125,149.58999633789062,198.82000732421875,64.76699829101562
2019-11-25,66.59249877929688,22.422666549682617,151.22999572753906,199.7899932861328,65.33450317382812
2019-11-26,66.07250213623047,21.92799949645996,152.02999877929688,198.97000122070312,65.67749786376953
2019-11-27,66.95999908447266,22.086000442504883,152.32000732421875,202.0,65.64949798583984
2019-11-29,66.8125,21.996000289916992,151.3800048828125,201.63999938964844,65.24800109863281
2019-12-02,66.04000091552734,22.32466697692871,149.5500030517578,199.6999969482422,64.49600219726562
2019-12-03,64.86250305175781,22.413333892822266,149.30999755859375,198.82000732421875,64.76399993896484
2019-12-04,65.43499755859375,22.20199966430664,149.85000610351562,198.7100067138672,66.0270004272461
2019-12-05,66.3949966430664,22.024667739868164,149.92999267578125,199.36000061035156,66.40650177001953
2019-12-06,67.67749786376953,22.392667770385742,151.75,201.0500030517578,67.03099822998047
2019-12-09,66.7300033569336,22.635332107543945,151.36000061035156,201.33999633789062,67.1780014038086
2019-12-10,67.12000274658203,23.256000518798828,151.1300048828125,200.8699951171875,67.23300170898438
2019-12-11,67.69249725341797,23.51333236694336,151.6999969482422,202.25999450683594,67.2509994506836
2019-12-12,67.86499786376953,23.978666305541992,153.24000549316406,196.75,67.51349639892578
2019-12-13,68.7874984741211,23.892667770385742,154.52999877929688,194.11000061035156,67.3915023803711
2019-12-16,69.96499633789062,25.433332443237305,155.52999877929688,197.9199981689453,68.05850219726562
2019-12-17,70.10250091552734,25.266000747680664,154.69000244140625,198.38999938964844,67.75599670410156
2019-12-18,69.93499755859375,26.209999084472656,154.3699951171875,202.5,67.63099670410156
2019-12-19,70.00499725341797,26.93600082397461,155.7100067138672,206.05999755859375,67.802001953125
2019-12-20,69.86000061035156,27.03933334350586,157.41000366210938,206.3000030517578,67.47949981689453
2019-12-23,71.0,27.947999954223633,157.41000366210938,206.17999267578125,67.44200134277344
2019-12-24,71.06749725341797,28.350000381469727,157.3800048828125,205.1199951171875,67.1780014038086
2019-12-26,72.47750091552734,28.729333877563477,158.6699981689453,207.7899932861328,68.0199966430664
2019-12-27,72.44999694824219,28.691999435424805,158.9600067138672,208.10000610351562,67.59449768066406
2019-12-30,72.87999725341797,27.64666748046875,157.58999633789062,204.41000366210938,66.80699920654297
2019-12-31,73.4124984741211,27.8886661529541,157.6999969482422,205.25,66.85099792480469
