Date,Open Price,Closing Price,Volume
2019-01-02,20.406667709350586,20.674667358398438,174879000
2019-01-03,20.46666717529297,20.02400016784668,104478000
2019-01-04,20.399999618530273,21.179332733154297,110911500
2019-01-07,21.447999954223633,22.33066749572754,113268000
2019-01-08,22.797332763671875,22.356666564941406,105127500
2019-01-09,22.366666793823242,22.568666458129883,81493500
2019-01-10,22.293333053588867,22.99799919128418,90846000
2019-01-11,22.805999755859375,23.150667190551758,75586500
2019-01-14,22.825332641601562,22.293333053588867,78709500
2019-01-15,22.333332061767578,22.961999893188477,90849000
2019-01-16,22.985332489013672,23.06999969482422,70375500
2019-01-17,23.08066749572754,23.15399932861328,55150500
2019-01-18,21.53333282470703,20.150667190551758,362262000
2019-01-22,20.321332931518555,19.92799949645996,181000500
2019-01-23,19.5,19.172666549682617,187950000
2019-01-24,18.868667602539062,19.43400001525879,120183000
2019-01-25,19.625999450683594,19.80266761779785,108744000
2019-01-28,19.527332305908203,19.7586669921875,96349500
2019-01-29,19.684667587280273,19.83066749572754,69325500
2019-01-30,20.030000686645508,20.584667205810547,168754500
2019-01-31,20.066667556762695,20.468000411987305,188538000
2019-02-01,20.3613338470459,20.81399917602539,109251000
2019-02-04,20.865333557128906,20.859333038330078,110281500
2019-02-05,20.832666397094727,21.42333221435547,101142000
2019-02-06,21.305999755859375,21.148000717163086,75577500
2019-02-07,20.886667251586914,20.500667572021484,97809000
2019-02-08,20.455333709716797,20.386667251586914,87663000
2019-02-11,20.773332595825195,20.856000900268555,106945500
2019-02-12,21.079999923706055,20.78733253479004,82764000
2019-02-13,20.823333740234375,20.544666290283203,77124000
2019-02-14,20.225332260131836,20.251333236694336,78012000
2019-02-15,20.299999237060547,20.525333404541016,58573500
2019-02-19,20.437332153320312,20.375999450683594,62526000
2019-02-20,20.29400062561035,20.17066764831543,107131500
2019-02-21,20.12066650390625,19.415332794189453,133638000
2019-02-22,19.632667541503906,19.6473331451416,86109000
2019-02-25,19.860666275024414,19.917999267578125,99397500
2019-02-26,19.481332778930664,19.857332229614258,128737500
2019-02-27,20.118667602539062,20.982667922973633,167758500
2019-02-28,21.261333465576172,21.325332641601562,157810500
2019-03-01,20.46266746520996,19.652666091918945,343671000
2019-03-04,19.874666213989258,19.02400016784668,256452000
2019-03-05,18.799999237060547,18.43600082397461,281470500
2019-03-06,18.43199920654297,18.416000366210938,155032500
2019-03-07,18.589332580566406,18.439332962036133,141637500
2019-03-08,18.46066665649414,18.94266700744629,132294000
2019-03-11,18.90133285522461,19.39466667175293,110884500
2019-03-12,19.099332809448242,18.890666961669922,112561500
2019-03-13,18.926666259765625,19.263999938964844,102670500
2019-03-14,19.496667861938477,19.33066749572754,106551000
2019-03-15,18.900667190551758,18.36199951171875,221782500
2019-03-18,18.399999618530273,17.965999603271484,154215000
2019-03-19,17.833332061767578,17.83133316040039,177009000
2019-03-20,17.979333877563477,18.239999771118164,103623000
2019-03-21,18.17333221435547,18.26799964904785,89206500
2019-03-22,18.172000885009766,17.635332107543945,131184000
2019-03-25,17.31399917602539,17.3613338470459,153225000
2019-03-26,17.62933349609375,17.851333618164062,110263500
2019-03-27,17.916667938232422,18.32200050354004,131688000
2019-03-28,18.477333068847656,18.57466697692871,101611500
2019-03-29,18.579999923706055,18.657333374023438,89869500
2019-04-01,18.841333389282227,19.278667449951172,121656000
2019-04-02,19.219999313354492,19.058666229248047,82183500
2019-04-03,19.154666900634766,19.45400047302246,118791000
2019-04-04,17.459333419799805,17.851999282836914,355810500
2019-04-05,17.99066734313965,18.33066749572754,195574500
2019-04-08,18.512666702270508,18.213333129882812,156156000
2019-04-09,18.110000610351562,18.15399932861328,88560000
2019-04-10,18.44933319091797,18.40399932861328,105919500
2019-04-11,17.886667251586914,17.89466667175293,147538500
2019-04-12,18.014667510986328,17.84666633605957,101190000
2019-04-15,17.908666610717773,17.7586669921875,150579000
2019-04-16,17.71666717529297,18.224000930786133,109093500
2019-04-17,18.316667556762695,18.082000732421875,76897500
2019-04-18,18.082000732421875,18.21733283996582,88144500
2019-04-22,17.933332443237305,17.516666412353516,182206500
2019-04-23,17.343332290649414,17.593332290649414,164158500
2019-04-24,17.59000015258789,17.243999481201172,160912500
2019-04-25,17.0,16.5086669921875,327741000
2019-04-26,16.433332443237305,15.675999641418457,335410500
2019-04-29,15.723999977111816,16.097999572753906,250717500
2019-04-30,16.137332916259766,15.912667274475098,141969000
2019-05-01,15.923333168029785,15.600666999816895,160566000
2019-05-02,16.368000030517578,16.273332595825195,272389500
2019-05-03,16.257333755493164,17.00200080871582,355602000
2019-05-06,16.667999267578125,17.022666931152344,162508500
2019-05-07,17.1200008392334,16.470666885375977,151971000
2019-05-08,16.46266746520996,16.32266616821289,92646000
2019-05-09,16.133333206176758,16.131999969482422,100671000
2019-05-10,15.983332633972168,15.968000411987305,105124500
2019-05-13,15.46733283996582,15.133999824523926,162522000
2019-05-14,15.286666870117188,15.487333297729492,108786000
2019-05-15,15.288000106811523,15.463333129882812,109440000
2019-05-16,15.299332618713379,15.222000122070312,112249500
2019-05-17,14.797332763671875,14.0686674118042,266800500
2019-05-20,13.520000457763672,13.690667152404785,307893000
2019-05-21,13.184000015258789,13.67199993133545,270058500
2019-05-22,13.273332595825195,12.84866714477539,280278000
2019-05-23,12.956000328063965,13.03266716003418,398206500
2019-05-24,13.321999549865723,12.708666801452637,212049000
2019-05-28,12.74666690826416,12.579999923706055,154693500
2019-05-29,12.473333358764648,12.657333374023438,179529000
2019-05-30,12.583333015441895,12.54800033569336,118897500
2019-05-31,12.34000015258789,12.343999862670898,156100500
2019-06-03,12.36733341217041,11.9313325881958,195966000
2019-06-04,12.073332786560059,12.90666675567627,207112500
2019-06-05,13.245332717895508,13.105999946594238,202662000
2019-06-06,13.629332542419434,13.729999542236328,303633000
2019-06-07,13.666666984558105,13.633333206176758,240052500
2019-06-10,14.016667366027832,14.192000389099121,158775000
2019-06-11,14.609333038330078,14.473333358764648,174802500
2019-06-12,14.863332748413086,13.950667381286621,227962500
2019-06-13,14.025333404541016,14.260666847229004,122524500
2019-06-14,14.083333015441895,14.32800006866455,111501000
2019-06-17,14.36533260345459,15.001999855041504,184752000
2019-06-18,15.248000144958496,14.982666969299316,190737000
2019-06-19,15.007332801818848,15.095333099365234,98626500
2019-06-20,14.866666793823242,14.641332626342773,177952500
2019-06-21,14.414667129516602,14.790666580200195,123031500
2019-06-24,14.88266658782959,14.909333229064941,86262000
2019-06-25,14.959333419799805,14.650667190551758,92731500
2019-06-26,14.687333106994629,14.618000030517578,127608000
2019-06-27,14.630000114440918,14.855999946594238,95095500
2019-06-28,14.732666969299316,14.897333145141602,102771000
2019-07-01,15.347332954406738,15.14466667175293,123201000
2019-07-02,15.259332656860352,14.970000267028809,138885000
2019-07-03,15.959333419799805,15.65999984741211,213016500
2019-07-05,15.637999534606934,15.539999961853027,105985500
2019-07-08,15.416000366210938,15.355999946594238,88207500
2019-07-09,15.264666557312012,15.337332725524902,92862000
2019-07-10,15.609999656677246,15.928000450134277,137185500
2019-07-11,15.87600040435791,15.90666675567627,112716000
2019-07-12,15.983332633972168,16.338666915893555,138007500
2019-07-15,16.53333282470703,16.899999618530273,165001500
2019-07-16,16.6200008392334,16.825332641601562,122235000
2019-07-17,17.044666290283203,16.99066734313965,146470500
2019-07-18,17.003332138061523,16.902666091918945,71379000
2019-07-19,17.04599952697754,17.211999893188477,105726000
2019-07-22,17.25,17.045333862304688,102636000
2019-07-23,17.11400032043457,17.344667434692383,75346500
2019-07-24,17.277999877929688,17.658666610717773,166092000
2019-07-25,15.566666603088379,15.254667282104492,336274500
2019-07-26,15.128000259399414,15.202667236328125,150415500
2019-07-29,15.13933277130127,15.718000411987305,139099500
2019-07-30,15.526666641235352,16.150667190551758,121635000
2019-07-31,16.200000762939453,16.107332229614258,137673000
2019-08-01,16.176666259765625,15.59000015258789,123892500
2019-08-02,15.423333168029785,15.62266731262207,92047500
2019-08-05,15.30666732788086,15.221332550048828,105424500
2019-08-06,15.458666801452637,15.383333206176758,83463000
2019-08-07,15.100000381469727,15.561332702636719,71647500
2019-08-08,15.630000114440918,15.886667251586914,79114500
2019-08-09,15.736666679382324,15.667332649230957,58473000
2019-08-12,15.53266716003418,15.267333030700684,69958500
2019-08-13,15.253999710083008,15.666666984558105,72721500
2019-08-14,15.413999557495117,14.641332626342773,143439000
2019-08-15,14.723999977111816,14.37600040435791,122394000
2019-08-16,14.444000244140625,14.662667274475098,76477500
2019-08-19,14.947333335876465,15.121999740600586,79644000
2019-08-20,15.174667358398438,15.057332992553711,61878000
2019-08-21,14.800666809082031,14.722000122070312,116914500
2019-08-22,14.853333473205566,14.8100004196167,98385000
2019-08-23,14.664667129516602,14.09333324432373,128079000
2019-08-26,14.239999771118164,14.333333015441895,75778500
2019-08-27,14.38266658782959,14.272000312805176,81243000
2019-08-28,14.246000289916992,14.37266731262207,48382500
2019-08-29,14.600000381469727,14.780667304992676,77692500
2019-08-30,15.276666641235352,15.040666580200195,139809000
2019-09-03,14.938667297363281,15.000666618347168,80311500
2019-09-04,15.12600040435791,14.711999893188477,86415000
2019-09-05,14.833333015441895,15.305333137512207,110929500
2019-09-06,15.146666526794434,15.16333293914795,62841000
2019-09-09,15.333333015441895,15.452667236328125,72040500
2019-09-10,15.386667251586914,15.702667236328125,73255500
2019-09-11,15.825332641601562,16.47333335876465,150642000
2019-09-12,16.51333236694336,16.391332626342773,128718000
2019-09-13,16.464000701904297,16.34666633605957,79696500
2019-09-16,16.399999618530273,16.187332153320312,70921500
2019-09-17,16.1646671295166,16.319332122802734,57981000
2019-09-18,16.333332061767578,16.232667922973633,62553000
2019-09-19,16.399999618530273,16.440000534057617,71937000
2019-09-20,16.432666778564453,16.041332244873047,95295000
2019-09-23,16.0,16.082000732421875,65103000
2019-09-24,16.101333618164062,14.880666732788086,193372500
2019-09-25,14.970666885375977,15.24666690826416,141406500
2019-09-26,15.37733268737793,16.17066764831543,178267500
2019-09-27,16.14666748046875,16.142000198364258,166746000
2019-09-30,16.200000762939453,16.058000564575195,88197000
2019-10-01,16.100000381469727,16.312667846679688,92439000
2019-10-02,16.21933364868164,16.208667755126953,84471000
2019-10-03,15.457332611083984,15.535332679748535,226267500
2019-10-04,15.440667152404785,15.428667068481445,119925000
2019-10-07,15.319999694824219,15.847999572753906,120963000
2019-10-08,15.724666595458984,16.003332138061523,130173000
2019-10-09,16.08799934387207,16.302000045776367,103416000
2019-10-10,16.351999282836914,16.31599998474121,94249500
2019-10-11,16.476667404174805,16.525999069213867,127131000
2019-10-14,16.52666664123535,17.130666732788086,153075000
2019-10-15,17.18000030517578,17.19266700744629,96492000
2019-10-16,17.159332275390625,17.316667556762695,100261500
2019-10-17,17.5,17.46466636657715,71539500
2019-10-18,17.3799991607666,17.1299991607666,86247000
2019-10-21,17.222000122070312,16.899999618530273,75304500
2019-10-22,16.954666137695312,17.038667678833008,69012000
2019-10-23,16.96666717529297,16.978666305541992,78916500
2019-10-24,19.891332626342773,19.978666305541992,445813500
2019-10-25,19.847999572753906,21.875333786010742,450091500
2019-10-28,21.836000442504883,21.847333908081055,283054500
2019-10-29,21.332666397094727,21.08133316040039,190264500
2019-10-30,20.866666793823242,21.000667572021484,144627000
2019-10-31,20.873332977294922,20.994667053222656,76005000
2019-11-01,21.08799934387207,20.887332916259766,95758500
2019-11-04,20.98666763305664,21.1646671295166,131805000
2019-11-05,21.308000564575195,21.148000717163086,104151000
2019-11-06,21.200000762939453,21.77199935913086,119113500
2019-11-07,21.94266700744629,22.369333267211914,217009500
2019-11-08,22.299999237060547,22.47599983215332,91038000
2019-11-11,22.93000030517578,23.006000518798828,149800500
2019-11-12,23.126667022705078,23.32866668701172,110391000
2019-11-13,23.666667938232422,23.073999404907227,126301500
2019-11-14,23.073999404907227,23.290000915527344,96973500
2019-11-15,23.375999450683594,23.47800064086914,72135000
2019-11-18,23.527999877929688,23.332666397094727,66006000
2019-11-19,23.450000762939453,23.968000411987305,115872000
2019-11-20,24.0,23.481332778930664,100876500
2019-11-21,23.634000778198242,23.655332565307617,91650000
2019-11-22,22.67733383178711,22.202667236328125,253059000
2019-11-25,22.954666137695312,22.422666549682617,185092500
2019-11-26,22.351333618164062,21.92799949645996,119211000
2019-11-27,22.07466697692871,22.086000442504883,83334000
2019-11-29,22.073999404907227,21.996000289916992,36984000
2019-12-02,21.959999084472656,22.32466697692871,91117500
2019-12-03,22.174667358398438,22.413333892822266,98605500
2019-12-04,22.516666412353516,22.20199966430664,82995000
2019-12-05,22.18866729736328,22.024667739868164,55869000
2019-12-06,22.333332061767578,22.392667770385742,114186000
2019-12-09,22.439332962036133,22.635332107543945,135346500
2019-12-10,22.663999557495117,23.256000518798828,132424500
2019-12-11,23.458667755126953,23.51333236694336,103467000
2019-12-12,23.661333084106445,23.978666305541992,116458500
2019-12-13,24.06999969482422,23.892667770385742,98563500
2019-12-16,24.170000076293945,25.433332443237305,272613000
2019-12-17,25.266000747680664,25.266000747680664,127452000
2019-12-18,25.375333786010742,26.209999084472656,211815000
2019-12-19,26.488000869750977,26.93600082397461,271606500
2019-12-20,27.3526668548584,27.03933334350586,221290500
2019-12-23,27.45199966430664,27.947999954223633,199794000
2019-12-24,27.890666961669922,28.350000381469727,120820500
2019-12-26,28.527332305908203,28.729333877563477,159508500
2019-12-27,29.0,28.691999435424805,149185500
2019-12-30,28.586000442504883,27.64666748046875,188796000
2019-12-31,27.0,27.8886661529541,154285500
2020-01-02,28.299999237060547,28.68400001525879,142981500
2020-01-03,29.366666793823242,29.534000396728516,266677500
2020-01-06,29.364667892456055,30.1026668548584,151995000
2020-01-07,30.760000228881836,31.270666122436523,268231500
2020-01-08,31.579999923706055,32.80933380126953,467164500
2020-01-09,33.13999938964844,32.089332580566406,426606000
2020-01-10,32.11933135986328,31.876667022705078,194392500
2020-01-13,32.900001525878906,34.990665435791016,397764000
2020-01-14,36.284000396728516,35.861331939697266,434943000
2020-01-15,35.31733322143555,34.56666564941406,260532000
2020-01-16,32.91666793823242,34.232666015625,326050500
2020-01-17,33.840667724609375,34.03333282470703,204436500
2020-01-21,35.349998474121094,36.47999954223633,267052500
2020-01-22,38.125999450683594,37.97066879272461,470535000
2020-01-23,37.616668701171875,38.14666748046875,294765000
2020-01-24,38.04199981689453,37.654666900634766,215304000
2020-01-27,36.132667541503906,37.201332092285156,204121500
2020-01-28,37.89933395385742,37.793331146240234,176827500
2020-01-29,38.37933349609375,38.732666015625,267022500
2020-01-30,42.16133117675781,42.72066879272461,435085500
2020-01-31,42.66666793823242,43.371334075927734,235789500
2020-02-03,44.91266632080078,52.0,705975000
2020-02-04,58.86399841308594,59.137332916259766,914082000
2020-02-05,54.88399887084961,48.97999954223633,726357000
2020-02-06,46.66133117675781,49.930667877197266,598212000
2020-02-07,48.70333480834961,49.871334075927734,255952500
2020-02-10,53.33333206176758,51.41866683959961,370338000
2020-02-11,51.25266647338867,51.62533187866211,175462500
2020-02-12,51.858001708984375,51.15266799926758,180337500
2020-02-13,49.45600128173828,53.599998474121094,394339500
2020-02-14,52.4813346862793,53.33533477783203,235405500
2020-02-18,56.106666564941406,57.22666549682617,245725500
2020-02-19,61.56666564941406,61.16133117675781,381345000
2020-02-20,60.79666519165039,59.96066665649414,264523500
2020-02-21,60.46533203125,60.06666564941406,214722000
2020-02-24,55.93333435058594,55.58599853515625,227883000
2020-02-25,56.599998474121094,53.32733154296875,259357500
2020-02-26,52.16666793823242,51.91999816894531,211282500
2020-02-27,48.66666793823242,45.266666412353516,364158000
2020-02-28,41.97999954223633,44.53266525268555,363343500
2020-03-02,47.41733169555664,49.574668884277344,302925000
2020-03-03,53.66666793823242,49.70066833496094,386760000
2020-03-04,50.930667877197266,49.96666717529297,225735000
2020-03-05,48.2513313293457,48.30266571044922,162790500
2020-03-06,46.0,46.89866638183594,189943500
2020-03-09,40.35933303833008,40.53333282470703,256105500
2020-03-10,43.96200180053711,43.02199935913086,233916000
2020-03-11,42.68000030517578,42.28200149536133,199837500
2020-03-12,38.72600173950195,37.369998931884766,283636500
2020-03-13,39.66666793823242,36.44133377075195,339604500
2020-03-16,31.299999237060547,29.67133331298828,307342500
2020-03-17,29.333999633789062,28.68000030517578,359919000
2020-03-18,25.933332443237305,24.08133316040039,356793000
2020-03-19,24.979999542236328,28.50933265686035,452932500
2020-03-20,29.213333129882812,28.50200080871582,424282500
2020-03-23,28.906667709350586,28.952667236328125,246817500
2020-03-24,31.81999969482422,33.66666793823242,343428000
2020-03-25,36.349998474121094,35.95000076293945,318340500
2020-03-26,36.49266815185547,35.21066665649414,260710500
2020-03-27,33.66666793823242,34.29066848754883,215661000
2020-03-30,34.017333984375,33.47533416748047,179971500
2020-03-31,33.41666793823242,34.93333435058594,266572500
2020-04-01,33.599998474121094,32.104000091552734,200298000
2020-04-02,32.068668365478516,30.29800033569336,297876000
2020-04-03,33.96666717529297,32.000667572021484,338431500
2020-04-06,34.08000183105469,34.41600036621094,223527000
2020-04-07,36.33333206176758,36.36333465576172,268797000
2020-04-08,36.9466667175293,36.589332580566406,189840000
2020-04-09,37.4726676940918,38.20000076293945,204750000
2020-04-13,39.34400177001953,43.39666748046875,337131000
2020-04-14,46.597999572753906,47.32600021362305,458647500
2020-04-15,49.46666717529297,48.65533447265625,353655000
2020-04-16,47.79600143432617,49.680667877197266,309868500
2020-04-17,51.48533248901367,50.259334564208984,196923000
2020-04-20,48.8466682434082,49.75733184814453,221199000
2020-04-21,48.67466735839844,45.781333923339844,303136500
2020-04-22,46.93199920654297,48.807334899902344,212482500
2020-04-23,48.50666809082031,47.04199981689453,198550500
2020-04-24,47.387332916259766,48.34333419799805,198180000
2020-04-27,49.17399978637695,53.25,310221000
2020-04-28,53.042667388916016,51.27466583251953,228330000
2020-04-29,52.678001403808594,53.367332458496094,243240000
2020-04-30,57.01266860961914,52.12533187866211,427078500
2020-05-01,50.33333206176758,46.75466537475586,487977000
2020-05-04,46.733333587646484,50.74599838256836,288556500
2020-05-05,52.65266799926758,51.2140007019043,254875500
2020-05-06,51.766666412353516,52.172000885009766,166848000
2020-05-07,51.81399917602539,52.00266647338867,172915500
2020-05-08,52.917999267578125,54.62799835205078,241297500
2020-05-11,52.70066833496094,54.08599853515625,247794000
2020-05-12,55.133331298828125,53.96066665649414,238603500
2020-05-13,54.72200012207031,52.73066711425781,285982500
2020-05-14,52.0,53.55533218383789,205233000
2020-05-15,52.689998626708984,53.27799987792969,157776000
2020-05-18,55.185333251953125,54.242000579833984,174987000
2020-05-19,54.34466552734375,53.867332458496094,144547500
2020-05-20,54.70000076293945,54.37066650390625,109639500
2020-05-21,54.400001525878906,55.17333221435547,183819000
2020-05-22,54.81133270263672,54.45866775512695,149812500
2020-05-26,55.633331298828125,54.591331481933594,121345500
2020-05-27,54.7239990234375,54.68199920654297,173242500
2020-05-28,54.23400115966797,53.72066879272461,108834000
2020-05-29,53.91666793823242,55.66666793823242,176467500
2020-06-01,57.20000076293945,59.87333297729492,224092500
2020-06-02,59.64666748046875,58.770668029785156,203484000
2020-06-03,59.20800018310547,58.86399841308594,119242500
2020-06-04,59.32533264160156,57.62533187866211,133315500
2020-06-05,58.522666931152344,59.04399871826172,117178500
2020-06-08,61.266666412353516,63.327999114990234,212620500
2020-06-09,62.66733169555664,62.711334228515625,170823000
2020-06-10,66.12533569335938,68.336669921875,278451000
2020-06-11,66.01333618164062,64.85600280761719,238747500
2020-06-12,65.33333587646484,62.35200119018555,251451000
2020-06-15,61.18600082397461,66.05999755859375,235458000
2020-06-16,67.4566650390625,65.47533416748047,210766500
2020-06-17,65.84733581542969,66.11933135986328,148362000
2020-06-18,66.86666870117188,66.9306640625,146278500
2020-06-19,67.51866912841797,66.72666931152344,130195500
2020-06-22,66.663330078125,66.28800201416016,95436000
2020-06-23,66.59200286865234,66.78533172607422,95479500
2020-06-24,66.27400207519531,64.0566635131836,164394000
2020-06-25,63.61800003051758,65.73200225830078,138817500
2020-06-26,66.31866455078125,63.982666015625,132823500
2020-06-29,64.60066986083984,67.29000091552734,135396000
2020-06-30,67.0999984741211,71.98733520507812,253777500
2020-07-01,72.19999694824219,74.64199829101562,199903500
2020-07-02,81.43199920654297,80.57733154296875,258751500
2020-07-06,85.11266326904297,91.43866729736328,308548500
2020-07-07,93.6673355102539,92.65733337402344,322345500
2020-07-08,93.66666412353516,91.05867004394531,244669500
2020-07-09,93.1326675415039,92.9520034790039,175764000
2020-07-10,93.06666564941406,102.97666931152344,350064000
2020-07-13,110.5999984741211,99.80400085449219,584781000
2020-07-14,103.73332977294922,101.12000274658203,351271500
2020-07-15,102.86666870117188,103.06732940673828,245517000
2020-07-16,98.47733306884766,100.04266357421875,214512000
2020-07-17,100.89666748046875,100.05599975585938,139950000
2020-07-20,101.267333984375,109.53333282470703,256821000
2020-07-21,109.32866668701172,104.55733489990234,241608000
2020-07-22,106.5999984741211,106.15533447265625,212416500
2020-07-23,111.93000030517578,100.87133026123047,364927500
2020-07-24,94.40066528320312,94.46666717529297,290949000
2020-07-27,95.66666412353516,102.63999938964844,240730500
2020-07-28,100.26667022705078,98.43267059326172,237130500
2020-07-29,100.06666564941406,99.94066619873047,141403500
2020-07-30,99.19999694824219,99.16600036621094,114315000
2020-07-31,101.0,95.38400268554688,183123000
2020-08-03,96.61333465576172,99.0,132139500
2020-08-04,99.6673355102539,99.13333129882812,126225000
2020-08-05,99.53266906738281,99.00133514404297,74217000
2020-08-06,99.38866424560547,99.30533599853516,89884500
2020-08-07,99.96932983398438,96.84733581542969,133446000
2020-08-10,96.53333282470703,94.57133483886719,112834500
2020-08-11,93.06666564941406,91.6259994506836,129387000
2020-08-12,98.0,103.65066528320312,327441000
2020-08-13,107.4000015258789,108.06666564941406,306379500
2020-08-14,110.99933624267578,110.04733276367188,188664000
2020-08-17,111.80000305175781,122.3759994506836,303634500
2020-08-18,126.59933471679688,125.80599975585938,247117500
2020-08-19,124.33333587646484,125.23533630371094,183079500
2020-08-20,124.04533386230469,133.45533752441406,309177000
2020-08-21,136.3173370361328,136.6653289794922,322344000
2020-08-24,141.7519989013672,134.27999877929688,300954000
2020-08-25,131.65933227539062,134.8893280029297,159883500
2020-08-26,137.3333282470703,143.54466247558594,213591000
2020-08-27,145.36399841308594,149.25,355395000
2020-08-28,153.00799560546875,147.55999755859375,301218000
2020-08-31,148.20333862304688,166.10667419433594,355123200
2020-09-01,167.3800048828125,158.35000610351562,269523300
2020-09-02,159.663330078125,149.1233367919922,288528300
2020-09-03,135.7433319091797,135.6666717529297,262788300
2020-09-04,134.27000427246094,139.44000244140625,330965700
2020-09-08,118.66666412353516,110.06999969482422,346397100
2020-09-09,118.86666870117188,122.09333038330078,238397400
2020-09-10,128.73666381835938,123.77999877929688,254791800
2020-09-11,127.3133316040039,124.23999786376953,182152500
2020-09-14,126.98332977294922,139.8733367919922,249061800
2020-09-15,145.52000427246094,149.9199981689453,291894600
2020-09-16,146.6233367919922,147.25332641601562,216837900
2020-09-17,138.53334045410156,141.14332580566406,230337600
2020-09-18,149.31333923339844,147.38333129882812,259220400
2020-09-21,151.0433349609375,149.79666137695312,328430400
2020-09-22,143.1999969482422,141.41000366210938,238742400
2020-09-23,135.05332946777344,126.78666687011719,285222600
2020-09-24,121.26667022705078,129.26333618164062,289683300
2020-09-25,131.1566619873047,135.77999877929688,201625500
2020-09-28,141.5399932861328,140.39999389648438,149158800
2020-09-29,138.6666717529297,139.69000244140625,150657900
2020-09-30,140.44000244140625,143.00332641601562,144436800
2020-10-01,146.9199981689453,149.3866729736328,152224500
2020-10-02,140.4633331298828,138.3633270263672,214290000
2020-10-05,141.11666870117188,141.89332580566406,134168400
2020-10-06,141.26333618164062,137.9933319091797,147438900
2020-10-07,139.9566650390625,141.76666259765625,129383100
2020-10-08,146.14666748046875,141.97332763671875,121263300
2020-10-09,143.3766632080078,144.6666717529297,86777100
2020-10-12,147.3333282470703,147.43333435058594,116373300
2020-10-13,147.78334045410156,148.88333129882812,103391100
2020-10-14,149.92666625976562,153.76666259765625,143639100
2020-10-15,150.10333251953125,149.6266632080078,107017200
2020-10-16,151.47999572753906,146.55667114257812,98327700
2020-10-19,148.74667358398438,143.61000061035156,108863400
2020-10-20,143.9166717529297,140.64666748046875,94968900
2020-10-21,140.89999389648438,140.8800048828125,97111500
2020-10-22,147.30667114257812,141.92999267578125,119979600
2020-10-23,140.6133270263672,140.2100067138672,101151000
2020-10-26,137.2100067138672,140.0933380126953,84717600
2020-10-27,141.25332641601562,141.55999755859375,68059500
2020-10-28,138.82666015625,135.33999633789062,76354200
2020-10-29,136.65333557128906,136.94332885742188,67965900
2020-10-30,135.63333129882812,129.34666442871094,127533900
2020-11-02,131.3333282470703,133.50332641601562,87063300
2020-11-03,136.57666015625,141.3000030517578,103055100
2020-11-04,143.5399932861328,140.32666015625,96429300
2020-11-05,142.76666259765625,146.02999877929688,85243500
2020-11-06,145.36666870117188,143.31666564941406,65118000
2020-11-09,146.5,140.4199981689453,104499000
2020-11-10,140.02999877929688,136.7866668701172,90852600
2020-11-11,138.81666564941406,139.0433349609375,52073100
2020-11-12,138.35000610351562,137.25332641601562,59565300
2020-11-13,136.9499969482422,136.1666717529297,59313300
2020-11-16,136.30999755859375,136.02999877929688,80515800
2020-11-17,153.38999938964844,147.20333862304688,183564900
2020-11-18,149.4499969482422,162.2133331298828,234132000
2020-11-19,164.0,166.42333984375,187425900
2020-11-20,165.99667358398438,163.20333862304688,98735700
2020-11-23,167.8333282470703,173.9499969482422,150780900
2020-11-24,180.13333129882812,185.1266632080078,160945500
2020-11-25,183.35333251953125,191.3333282470703,146790600
2020-11-27,193.72000122070312,195.25332641601562,112683300
2020-11-30,200.73666381835938,189.1999969482422,189009300
2020-12-01,199.19667053222656,194.9199981689453,120310500
2020-12-02,185.47999572753906,189.60667419433594,143327100
2020-12-03,196.67333984375,197.7933349609375,127656000
2020-12-04,197.00332641601562,199.67999267578125,88203900
2020-12-07,201.63999938964844,213.9199981689453,168929100
2020-12-08,208.50332641601562,216.6266632080078,192795000
2020-12-09,217.89666748046875,201.4933319091797,213873600
2020-12-10,191.4566650390625,209.02333068847656,201249600
2020-12-11,205.00332641601562,203.3300018310547,139425000
2020-12-14,206.3333282470703,213.27667236328125,156121800
2020-12-15,214.42666625976562,211.0833282470703,135214500
2020-12-16,209.41000366210938,207.58999633789062,126287400
2020-12-17,209.39666748046875,218.63333129882812,168810300
2020-12-18,222.96665954589844,231.6666717529297,666378600
2020-12-21,222.0800018310547,216.6199951171875,174135900
2020-12-22,216.0,213.44667053222656,155148000
2020-12-23,210.73333740234375,215.32666015625,99519000
2020-12-24,214.3300018310547,220.58999633789062,68596800
2020-12-28,224.836669921875,221.22999572753906,96835800
2020-12-29,220.3333282470703,221.99667358398438,68732400
2020-12-30,224.0,231.5933380126953,128538000
2020-12-31,233.3300018310547,235.22332763671875,148949700
2021-01-04,239.82000732421875,243.2566680908203,145914600
2021-01-05,241.22000122070312,245.0366668701172,96735600
2021-01-06,252.8300018310547,251.9933319091797,134100000
2021-01-07,259.2099914550781,272.0133361816406,154496700
2021-01-08,285.3333435058594,293.3399963378906,225166500
2021-01-11,283.1333312988281,270.39666748046875,177904800
2021-01-12,277.0,283.14666748046875,138812100
2021-01-13,284.2533264160156,284.8033447265625,99937500
2021-01-14,281.1300048828125,281.6666564941406,93798900
2021-01-15,284.0,275.38665771484375,116332800
2021-01-19,279.26666259765625,281.51666259765625,76101000
2021-01-20,286.2466735839844,283.48333740234375,76997700
2021-01-21,285.0,281.663330078125,61563300
2021-01-22,278.10333251953125,282.21331787109375,60199500
2021-01-25,285.0,293.6000061035156,123520200
2021-01-26,297.1266784667969,294.36334228515625,69394800
2021-01-27,290.1166687011719,288.0533447265625,82002000
2021-01-28,273.3333435058594,278.4766540527344,79134000
2021-01-29,276.6666564941406,264.510009765625,104972400
2021-02-01,271.42999267578125,279.9366760253906,76174200
2021-02-02,281.55999755859375,290.92999267578125,73038600
2021-02-03,292.3399963378906,284.89666748046875,55030500
2021-02-04,285.0,283.3299865722656,47438100
2021-02-05,281.6666564941406,284.07666015625,55699800
2021-02-08,289.8900146484375,287.8066711425781,60485100
2021-02-09,285.0400085449219,283.1533203125,45473100
2021-02-10,281.21331787109375,268.2733459472656,108648300
2021-02-11,270.8133239746094,270.5533447265625,64868400
2021-02-12,267.086669921875,272.0400085449219,71304900
2021-02-16,272.6666564941406,265.40667724609375,59406900
2021-02-17,259.6966552734375,266.04998779296875,77989500
2021-02-18,260.29998779296875,262.4599914550781,53871300
2021-02-19,265.0,260.4333190917969,56874900
2021-02-22,254.2133331298828,238.1666717529297,111809100
2021-02-23,220.7100067138672,232.94667053222656,199820700
2021-02-24,237.28334045410156,247.33999633789062,110301000
2021-02-25,242.0500030517578,227.4066619873047,117071700
2021-02-26,233.3333282470703,225.1666717529297,123267600
2021-03-01,230.0366668701172,239.47666931152344,81408600
2021-03-02,239.42666625976562,228.81333923339844,71196600
2021-03-03,229.3300018310547,217.73333740234375,90624000
2021-03-04,218.60000610351562,207.14666748046875,197758500
2021-03-05,208.68666076660156,199.31666564941406,268189500
2021-03-08,200.18333435058594,187.6666717529297,155361000
2021-03-09,202.72666931152344,224.52667236328125,202569900
2021-03-10,233.43333435058594,222.68666076660156,181817100
2021-03-11,233.13333129882812,233.1999969482422,108761700
2021-03-12,223.3333282470703,231.2433319091797,100751400
2021-03-15,231.3633270263672,235.97999572753906,88006800
2021-03-16,234.4499969482422,225.6266632080078,96587100
2021-03-17,218.9566650390625,233.93666076660156,121117500
2021-03-18,228.09666442871094,217.72000122070312,99674400
2021-03-19,215.53334045410156,218.2899932861328,128682000
2021-03-22,228.19667053222656,223.3333282470703,118536600
2021-03-23,225.2566680908203,220.72000122070312,91475700
2021-03-24,222.6366729736328,210.08999633789062,101385600
2021-03-25,204.3333282470703,213.4633331298828,117674700
2021-03-26,213.9566650390625,206.23666381835938,101558400
2021-03-29,205.2133331298828,203.76333618164062,85911000
2021-03-30,200.5833282470703,211.8733367919922,118297200
2021-03-31,215.5399932861328,222.64332580566406,100011900
2021-04-01,229.4566650390625,220.5833282470703,105895200
2021-04-05,235.90333557128906,230.35000610351562,125528400
2021-04-06,230.10000610351562,230.5399932861328,84815400
2021-04-07,229.0,223.6566619873047,78928200
2021-04-08,225.7933349609375,227.93333435058594,71772900
2021-04-09,225.92333984375,225.67333984375,64311300
2021-04-12,228.56666564941406,233.9933319091797,87407100
2021-04-13,237.56666564941406,254.10667419433594,133958400
2021-04-14,256.8999938964844,244.07666015625,147052200
2021-04-15,247.6999969482422,246.28334045410156,83546700
2021-04-16,242.88333129882812,246.5933380126953,83938500
2021-04-19,239.86666870117188,238.2100067138672,119058600
2021-04-20,239.13999938964844,239.663330078125,106827000
2021-04-21,234.92333984375,248.0399932861328,93646500
2021-04-22,247.1666717529297,239.89666748046875,106770900
2021-04-23,239.93333435058594,243.13333129882812,85110000
2021-04-26,247.0,246.06666564941406,93115500
2021-04-27,239.32000732421875,234.913330078125,88311000
2021-04-28,232.1366729736328,231.46665954589844,66813000
2021-04-29,233.1699981689453,225.6666717529297,86536200
2021-04-30,222.52999877929688,236.47999572753906,122276100
2021-05-03,234.60000610351562,228.3000030517578,81129300
2021-05-04,226.31333923339844,224.53334045410156,89217900
2021-05-05,227.02000427246094,223.64666748046875,65705700
2021-05-06,226.9199981689453,221.17999267578125,83353800
2021-05-07,221.93333435058594,224.1233367919922,70407600
2021-05-10,221.63333129882812,209.67999267578125,94177200
2021-05-11,199.74667358398438,205.73333740234375,139511700
2021-05-12,200.8300018310547,196.6300048828125,101470800
2021-05-13,200.51333618164062,190.56333923339844,132554700
2021-05-14,194.47000122070312,196.5800018310547,100112700
2021-05-17,191.85000610351562,192.27667236328125,97171200
2021-05-18,189.3333282470703,192.6233367919922,110491800
2021-05-19,184.18333435058594,187.82000732421875,118735200
2021-05-20,191.6666717529297,195.5933380126953,92463300
2021-05-21,198.70333862304688,193.6266632080078,78091800
2021-05-24,193.86666870117188,202.14666748046875,103674300
2021-05-25,202.43666076660156,201.56333923339844,84017700
2021-05-26,202.52000427246094,206.3766632080078,85917900
2021-05-27,206.74667358398438,210.28334045410156,79111800
2021-05-28,209.5,208.4066619873047,68211000
2021-06-01,209.26666259765625,207.96665954589844,54254700
2021-06-02,206.7100067138672,201.7066650390625,69908400
2021-06-03,200.60000610351562,190.94667053222656,90335700
2021-06-04,193.23666381835938,199.68333435058594,72110700
2021-06-07,197.27667236328125,201.7100067138672,67631100
2021-06-08,207.6699981689453,201.19667053222656,78160200
2021-06-09,200.72332763671875,199.5933380126953,49753800
2021-06-10,201.2933349609375,203.3733367919922,71758800
2021-06-11,203.41000366210938,203.29666137695312,48615900
2021-06-14,204.07666015625,205.89666748046875,61272000
2021-06-15,205.56333923339844,199.7866668701172,53292300
2021-06-16,199.17999267578125,201.6233367919922,66432300
2021-06-17,200.6300048828125,205.53334045410156,68104200
2021-06-18,204.4566650390625,207.77000427246094,73682700
2021-06-21,208.16000366210938,206.94332885742188,74438100
2021-06-22,206.0833282470703,207.90333557128906,57476700
2021-06-23,210.6666717529297,218.85667419433594,93297600
2021-06-24,224.99667358398438,226.60667419433594,137947200
2021-06-25,229.86000061035156,223.9566650390625,97490100
2021-06-28,223.8800048828125,229.57333374023438,64884600
2021-06-29,228.21665954589844,226.9199981689453,52143900
2021-06-30,226.58999633789062,226.56666564941406,56774700
2021-07-01,227.97332763671875,225.97332763671875,55903500
2021-07-02,226.32666015625,226.3000030517578,81163500
2021-07-06,227.23666381835938,219.86000061035156,69853500
2021-07-07,221.42333984375,214.88333129882812,56376000
2021-07-08,209.4566650390625,217.60333251953125,68319900
2021-07-09,217.72666931152344,218.98333740234375,54421500
2021-07-12,220.73333740234375,228.56666564941406,77781000
2021-07-13,228.77333068847656,222.84666442871094,62898300
2021-07-14,223.5833282470703,217.7933349609375,64923600
2021-07-15,219.4633331298828,216.86666870117188,60628800
2021-07-16,218.22666931152344,214.74000549316406,49113000
2021-07-19,209.9633331298828,215.4066619873047,63891300
2021-07-20,217.3300018310547,220.1666717529297,46461300
2021-07-21,219.8699951171875,218.42999267578125,41859900
2021-07-22,218.81333923339844,216.4199981689453,45317100
2021-07-23,215.45333862304688,214.4600067138672,43814700
2021-07-26,216.99000549316406,219.2066650390625,76009800
2021-07-27,221.13333129882812,214.92666625976562,98439900
2021-07-28,215.6666717529297,215.66000366210938,48019800
2021-07-29,216.59666442871094,225.78334045410156,91183800
2021-07-30,223.9199981689453,229.06666564941406,88969200
2021-08-02,233.3333282470703,236.55667114257812,100847400
2021-08-03,239.6666717529297,236.5800018310547,64860900
2021-08-04,237.0,236.97332763671875,51007800
2021-08-05,238.6666717529297,238.2100067138672,38758800
2021-08-06,237.3000030517578,233.03334045410156,46869000
2021-08-09,236.72332763671875,237.9199981689453,44145900
2021-08-10,237.99667358398438,236.663330078125,40296900
2021-08-11,237.57000732421875,235.94000244140625,29401800
2021-08-12,235.44667053222656,240.75,52377300
2021-08-13,241.23666381835938,239.05667114257812,50194500
2021-08-16,235.02333068847656,228.72332763671875,68032200
2021-08-17,224.22000122070312,221.90333557128906,71163900
2021-08-18,223.25,229.663330078125,61048200
2021-08-19,226.07000732421875,224.49000549316406,42940500
2021-08-20,227.61666870117188,226.75332641601562,44525700
2021-08-23,228.47999572753906,235.43333435058594,60794700
2021-08-24,236.89332580566406,236.163330078125,39249300
2021-08-25,235.67666625976562,237.06666564941406,37936800
2021-08-26,236.10333251953125,233.72000122070312,39642900
2021-08-27,235.0,237.30667114257812,41501400
2021-08-30,238.24000549316406,243.6366729736328,55812600
2021-08-31,244.3333282470703,245.24000549316406,62566200
2021-09-01,244.69332885742188,244.69667053222656,39612900
2021-09-02,244.8333282470703,244.1300048828125,38331900
2021-09-03,244.0833282470703,244.52333068847656,45738300
2021-09-07,246.6666717529297,250.97332763671875,60119400
2021-09-08,253.86000061035156,251.2899932861328,56379000
2021-09-09,251.1366729736328,251.6199951171875,42233100
2021-09-10,253.1999969482422,245.42333984375,45552600
2021-09-13,246.73666381835938,247.6666717529297,68857500
2021-09-14,247.52333068847656,248.163330078125,55574700
2021-09-15,248.3333282470703,251.94332885742188,46073100
2021-09-16,250.94332885742188,252.3300018310547,41770200
2021-09-17,252.38333129882812,253.163330078125,84612600
2021-09-20,244.85333251953125,243.38999938964844,74273100
2021-09-21,244.92999267578125,246.4600067138672,48992100
2021-09-22,247.8433380126953,250.64666748046875,45378900
2021-09-23,251.6666717529297,251.2133331298828,35842500
2021-09-24,248.6300048828125,258.1300048828125,64119000
2021-09-27,257.7066650390625,263.78668212890625,84212100
2021-09-28,262.3999938964844,259.1866760253906,76144200
2021-09-29,259.9333190917969,260.4366760253906,62828700
2021-09-30,260.3333435058594,258.49334716796875,53868000
2021-10-01,259.4666748046875,258.40667724609375,51094200
2021-10-04,265.5,260.510009765625,91449900
2021-10-05,261.6000061035156,260.1966552734375,55297800
2021-10-06,258.73333740234375,260.9166564941406,43898400
2021-10-07,261.82000732421875,264.53668212890625,57587400
2021-10-08,265.4033203125,261.8299865722656,50215800
2021-10-11,262.54998779296875,263.9800109863281,42600900
2021-10-12,266.9766540527344,268.5733337402344,66060000
2021-10-13,270.15667724609375,270.3599853515625,42360300
2021-10-14,271.8299865722656,272.7733459472656,36741600
2021-10-15,274.5799865722656,281.010009765625,56773800
2021-10-18,283.92999267578125,290.03668212890625,72621600
2021-10-19,292.510009765625,288.0899963378906,52143300
2021-10-20,288.45001220703125,288.6000061035156,42096300
2021-10-21,285.3333435058594,298.0,94444500
2021-10-22,298.5,303.2266540527344,68642400
2021-10-25,316.84332275390625,341.6199951171875,188556300
2021-10-26,341.5633239746094,339.4766540527344,187245000
2021-10-27,346.5533447265625,345.9533386230469,115579500
2021-10-28,356.10333251953125,359.0133361816406,81639600
2021-10-29,360.6199951171875,371.3333435058594,89755200
2021-11-01,381.6666564941406,402.86334228515625,168146100
2021-11-02,386.4533386230469,390.6666564941406,128213400
2021-11-03,392.4433288574219,404.6199951171875,103885500
2021-11-04,411.4700012207031,409.9700012207031,76192200
2021-11-05,409.3333435058594,407.36334228515625,64886400
2021-11-08,383.2633361816406,387.64666748046875,100337100
2021-11-09,391.20001220703125,341.1666564941406,177317400
2021-11-10,336.8033447265625,355.98333740234375,128408100
2021-11-11,367.5899963378906,354.5033264160156,67189800
2021-11-12,349.1666564941406,344.47332763671875,76719300
2021-11-15,339.2099914550781,337.7966613769531,104326800
2021-11-16,334.4366760253906,351.57666015625,79627200
2021-11-17,354.5033264160156,363.0033264160156,94336200
2021-11-18,368.8500061035156,365.4599914550781,62696700
2021-11-19,366.2900085449219,379.0199890136719,64926900
2021-11-22,387.4433288574219,385.6233215332031,99217500
2021-11-23,389.1700134277344,369.6766662597656,108515100
2021-11-24,360.1300048828125,372.0,67680600
2021-11-26,366.489990234375,360.6400146484375,35042700
2021-11-29,366.9966735839844,378.9966735839844,58393500
2021-11-30,381.4566650390625,381.586669921875,81276000
2021-12-01,386.8999938964844,365.0,68450400
2021-12-02,366.35333251953125,361.5333251953125,73114800
2021-12-03,361.5966796875,338.3233337402344,92322000
2021-12-06,333.836669921875,336.336669921875,81663000
2021-12-07,348.0666809082031,350.5833435058594,56084700
2021-12-08,350.9033203125,356.32000732421875,41906400
2021-12-09,353.5466613769531,334.6000061035156,59438400
2021-12-10,336.25,339.010009765625,59664300
2021-12-13,333.6966552734375,322.13665771484375,78595500
2021-12-14,315.0,319.5033264160156,70806300
2021-12-15,317.7366638183594,325.3299865722656,75169200
2021-12-16,331.5,308.97332763671875,82771500
2021-12-17,304.92333984375,310.8566589355469,100437300
2021-12-20,303.5666809082031,299.9800109863281,56480100
2021-12-21,305.6233215332031,312.84332275390625,71517900
2021-12-22,321.88665771484375,336.2900085449219,93634200
2021-12-23,335.6000061035156,355.6666564941406,92713200
2021-12-27,357.8900146484375,364.64666748046875,71145900
2021-12-28,369.8299865722656,362.8233337402344,60324000
2021-12-29,366.21331787109375,362.0633239746094,56154000
2021-12-30,353.77667236328125,356.7799987792969,47040900
2021-12-31,357.8133239746094,352.260009765625,40733700
2022-01-03,382.5833435058594,399.9266662597656,103931400
2022-01-04,396.51666259765625,383.1966552734375,100248300
2022-01-05,382.2166748046875,362.7066650390625,80119800
2022-01-06,359.0,354.8999938964844,90336600
2022-01-07,360.1233215332031,342.32000732421875,84164700
2022-01-10,333.3333435058594,352.7066650390625,91815000
2022-01-11,351.22332763671875,354.79998779296875,66063300
2022-01-12,359.6166687011719,368.739990234375,83739000
2022-01-13,369.69000244140625,343.85333251953125,97209900
2022-01-14,339.9599914550781,349.8699951171875,72924300
2022-01-18,342.2033386230469,343.5033264160156,66743400
2022-01-19,347.2366638183594,331.8833312988281,75442500
2022-01-20,336.57666015625,332.0899963378906,70488600
2022-01-21,332.11334228515625,314.6333312988281,103416000
2022-01-24,301.586669921875,310.0,151565700
2022-01-25,304.73333740234375,306.1333312988281,86595900
2022-01-26,317.4766540527344,312.4700012207031,104867400
2022-01-27,311.1199951171875,276.3666687011719,147109500
2022-01-28,277.1866760253906,282.1166687011719,134789100
2022-01-31,290.9033203125,312.239990234375,104436000
2022-02-01,311.7366638183594,310.4166564941406,73138200
2022-02-02,309.3933410644531,301.88665771484375,66792900
2022-02-03,294.0,297.0466613769531,78855600
2022-02-04,299.0733337402344,307.7733459472656,73625400
2022-02-07,307.92999267578125,302.4466552734375,60994500
2022-02-08,301.84332275390625,307.3333435058594,50729100
2022-02-09,311.6666564941406,310.6666564941406,52259400
2022-02-10,302.7900085449219,301.51666259765625,66126900
2022-02-11,303.2099914550781,286.6666564941406,79645800
2022-02-14,287.19000244140625,291.9200134277344,67756500
2022-02-15,300.0,307.4766540527344,57286200
2022-02-16,304.6833190917969,307.7966613769531,51294300
2022-02-17,304.4200134277344,292.1166687011719,55178400
2022-02-18,295.3333435058594,285.6600036621094,68501700
2022-02-22,278.0433349609375,273.84332275390625,83288100
2022-02-23,276.80999755859375,254.67999267578125,95256900
2022-02-24,233.4633331298828,266.92333984375,135322200
2022-02-25,269.74334716796875,269.9566650390625,76067700
2022-02-28,271.6700134277344,290.1433410644531,99006900
2022-03-01,289.8933410644531,288.1233215332031,74766900
2022-03-02,290.7099914550781,293.2966613769531,74643300
2022-03-03,292.92333984375,279.7633361816406,61623600
2022-03-04,283.0333251953125,279.42999267578125,66999600
2022-03-07,285.4333190917969,268.1933288574219,72494100
2022-03-08,265.1766662597656,274.79998779296875,80399100
2022-03-09,279.82666015625,286.3233337402344,59184000
2022-03-10,283.8166809082031,279.4333190917969,58648500
2022-03-11,280.0666809082031,265.1166687011719,67037100
2022-03-14,260.2033386230469,255.4566650390625,71152200
2022-03-15,258.42333984375,267.2966613769531,66841200
2022-03-16,269.6666564941406,280.07666015625,84028800
2022-03-17,276.9966735839844,290.5333251953125,66582900
2022-03-18,291.4966735839844,301.7966613769531,100414200
2022-03-21,304.99334716796875,307.0533447265625,81981600
2022-03-22,310.0,331.32666015625,105868500
2022-03-23,326.64666748046875,333.03668212890625,120676200
2022-03-24,336.57666015625,337.97332763671875,68920800
2022-03-25,336.0,336.8800048828125,62031600
2022-03-28,355.0333251953125,363.9466552734375,102506100
2022-03-29,369.3299865722656,366.5233459472656,73614900
2022-03-30,363.72332763671875,364.663330078125,59865000
2022-03-31,364.8566589355469,359.20001220703125,48992700
2022-04-01,360.3833312988281,361.5299987792969,54263100
2022-04-04,363.1266784667969,381.8166809082031,82035900
2022-04-05,378.76666259765625,363.7533264160156,80075100
2022-04-06,357.8233337402344,348.586669921875,89348400
2022-04-07,350.7966613769531,352.4200134277344,79447200
2022-04-08,347.7366638183594,341.8299865722656,55013700
2022-04-11,326.79998779296875,325.30999755859375,59357100
2022-04-12,332.5466613769531,328.98333740234375,65976000
2022-04-13,327.02667236328125,340.7900085449219,55121100
2022-04-14,333.0966796875,328.3333435058594,58422300
2022-04-18,329.6766662597656,334.7633361816406,51715200
2022-04-19,335.0199890136719,342.7166748046875,49847700
2022-04-20,343.3333435058594,325.73333740234375,70711200
2022-04-21,358.24334716796875,336.260009765625,105416400
2022-04-22,338.3033447265625,335.01666259765625,69696600
2022-04-25,326.3233337402344,332.67333984375,68341200
2022-04-26,331.80999755859375,292.1400146484375,136133700
2022-04-27,299.52667236328125,293.836669921875,76956300
2022-04-28,299.99334716796875,292.5033264160156,124948500
2022-04-29,300.75,290.2533264160156,88133100
2022-05-02,286.92333984375,300.9800109863281,75781500
2022-05-03,301.05999755859375,303.0833435058594,63709500
2022-05-04,301.3133239746094,317.5400085449219,81643800
2022-05-05,313.00665283203125,291.09332275390625,92519100
2022-05-06,295.6666564941406,288.54998779296875,72903000
2022-05-09,278.8166809082031,262.3699951171875,90810300
2022-05-10,273.10333251953125,266.67999267578125,84401700
2022-05-11,265.0,244.6666717529297,97224600
2022-05-12,233.6666717529297,242.6666717529297,140313000
2022-05-13,257.82666015625,256.5299987792969,92150700
2022-05-16,255.72000122070312,241.4566650390625,86098500
2022-05-17,249.1199951171875,253.8699951171875,80236200
2022-05-18,248.17333984375,236.60333251953125,87811800
2022-05-19,235.6666717529297,236.47332763671875,90296700
2022-05-20,237.99667358398438,221.3000030517578,144973200
2022-05-23,218.33999633789062,224.96665954589844,88903500
2022-05-24,217.8433380126953,209.3866729736328,89092500
2022-05-25,207.9499969482422,219.60000610351562,92139300
2022-05-26,220.47332763671875,235.91000366210938,106003200
2022-05-27,241.0833282470703,253.2100067138672,89295000
2022-05-31,257.9466552734375,252.75332641601562,101914500
2022-06-01,251.72000122070312,246.7899932861328,77247900
2022-06-02,244.1566619873047,258.3333435058594,93473100
2022-06-03,243.22666931152344,234.51666259765625,112393800
2022-06-06,244.35333251953125,238.27999877929688,84204600
2022-06-07,234.0,238.8866729736328,72808500
2022-06-08,240.086669921875,241.86666870117188,76210500
2022-06-09,249.33999633789062,239.7066650390625,96491400
2022-06-10,235.1566619873047,232.22999572753906,97536600
2022-06-13,223.1666717529297,215.73666381835938,102767400
2022-06-14,218.2866668701172,220.88999938964844,97988700
2022-06-15,220.9166717529297,233.0,119131800
2022-06-16,222.73666381835938,213.10000610351562,107390700
2022-06-17,213.43333435058594,216.75999450683594,92641800
2022-06-21,224.60333251953125,237.0366668701172,122793000
2022-06-22,234.50332641601562,236.086669921875,101107500
2022-06-23,237.9066619873047,235.07000732421875,104202600
2022-06-24,237.47000122070312,245.7066650390625,95770800
2022-06-27,249.36666870117188,244.9199981689453,89178300
2022-06-28,244.48333740234375,232.663330078125,90391200
2022-06-29,230.5,228.49000549316406,82897200
2022-06-30,224.50999450683594,224.47332763671875,94600500
2022-07-01,227.0,227.26333618164062,74460300
2022-07-05,223.0,233.06666564941406,84581100
2022-07-06,230.77999877929688,231.73333740234375,71853600
2022-07-07,233.9199981689453,244.5433349609375,81930600
2022-07-08,242.3333282470703,250.76333618164062,101854200
2022-07-11,252.10333251953125,234.3433380126953,99241200
2022-07-12,236.84666442871094,233.07000732421875,87930900
2022-07-13,225.5,237.0399932861328,97954500
2022-07-14,234.89666748046875,238.31333923339844,78557400
2022-07-15,240.0,240.06666564941406,69683100
2022-07-18,244.93666076660156,240.54666137695312,82537500
2022-07-19,245.0,245.52999877929688,80890200
2022-07-20,246.78334045410156,247.5,88864200
2022-07-21,255.10667419433594,271.7066650390625,142032300
2022-07-22,276.2200012207031,272.24334716796875,103472700
2022-07-25,272.2166748046875,268.4333190917969,64073400
2022-07-26,266.5133361816406,258.8599853515625,66820800
2022-07-27,263.80999755859375,274.82000732421875,88110000
2022-07-28,280.0666809082031,280.8999938964844,84723000
2022-07-29,280.70001220703125,297.1499938964844,95313000
2022-08-01,301.27667236328125,297.27667236328125,117042900
2022-08-02,294.0033264160156,300.586669921875,95577600
2022-08-03,305.0,307.39666748046875,80091000
2022-08-04,311.0,308.6333312988281,72256200
2022-08-05,302.6700134277344,288.1700134277344,113172900
2022-08-08,295.0,290.42333984375,98994000
2022-08-09,290.2933349609375,283.3333435058594,86244600
2022-08-10,297.0666809082031,294.3566589355469,94918800
2022-08-11,296.5133361816406,286.6300048828125,70155000
2022-08-12,289.4166564941406,300.0299987792969,79657200
2022-08-15,301.78668212890625,309.32000732421875,89359200
2022-08-16,311.6666564941406,306.5633239746094,88136400
2022-08-17,303.39666748046875,303.9966735839844,68766000
2022-08-18,306.0,302.8699951171875,47500500
2022-08-19,299.0,296.6666564941406,61395300
2022-08-22,291.913330078125,289.913330078125,55843200
2022-08-23,291.4533386230469,296.4533386230469,63984900
2022-08-24,297.5633239746094,297.0966796875,57259800
2022-08-25,302.3599853515625,296.07000732421875,53230000
2022-08-26,297.42999267578125,288.0899963378906,57163900
2022-08-29,282.8299865722656,284.82000732421875,41864700
2022-08-30,287.8699951171875,277.70001220703125,50541800
2022-08-31,280.6199951171875,275.6099853515625,52107300
2022-09-01,272.5799865722656,277.1600036621094,54287000
2022-09-02,281.07000732421875,270.2099914550781,50890100
2022-09-06,272.67999267578125,274.4200134277344,55860000
2022-09-07,273.1000061035156,283.70001220703125,50028900
2022-09-08,281.29998779296875,289.260009765625,53713100
2022-09-09,291.6700134277344,299.67999267578125,54338100
2022-09-12,300.7200012207031,304.4200134277344,48674600
2022-09-13,292.8999938964844,292.1300048828125,68229600
2022-09-14,292.239990234375,302.6099853515625,72628700
2022-09-15,301.8299865722656,303.75,64795500
2022-09-16,299.6099853515625,303.3500061035156,87087800
2022-09-19,300.0899963378906,309.07000732421875,60231200
2022-09-20,306.9100036621094,308.7300109863281,61642800
2022-09-21,308.2900085449219,300.79998779296875,62555700
2022-09-22,299.8599853515625,288.5899963378906,70545400
2022-09-23,283.0899963378906,275.3299865722656,63748400
2022-09-26,271.8299865722656,276.010009765625,58076900
2022-09-27,283.8399963378906,282.94000244140625,61925200
2022-09-28,283.0799865722656,287.80999755859375,54664800
2022-09-29,282.760009765625,268.2099914550781,77620600
2022-09-30,266.1499938964844,265.25,67726600
2022-10-03,254.5,242.39999389648438,98363500
2022-10-04,250.52000427246094,249.44000244140625,109578500
2022-10-05,245.00999450683594,240.80999755859375,86982700
2022-10-06,239.44000244140625,238.1300048828125,69298400
2022-10-07,233.94000244140625,223.07000732421875,83916800
2022-10-10,223.92999267578125,222.9600067138672,67925000
2022-10-11,220.9499969482422,216.5,77013200
2022-10-12,215.3300018310547,217.24000549316406,66860700
2022-10-13,208.3000030517578,221.72000122070312,91483000
2022-10-14,224.00999450683594,204.99000549316406,94124500
2022-10-17,210.0399932861328,219.35000610351562,79428800
2022-10-18,229.5,220.19000244140625,75891900
2022-10-19,219.8000030517578,222.0399932861328,66571500
2022-10-20,208.27999877929688,207.27999877929688,117798100
2022-10-21,206.4199981689453,214.44000244140625,75713800
2022-10-24,205.82000732421875,211.25,100446800
2022-10-25,210.10000610351562,222.4199981689453,96507900
2022-10-26,219.39999389648438,224.63999938964844,85012500
2022-10-27,229.77000427246094,225.08999633789062,61638800
2022-10-28,225.39999389648438,228.52000427246094,69152400
2022-10-31,226.19000244140625,227.5399932861328,61554300
2022-11-01,234.0500030517578,227.82000732421875,62688800
2022-11-02,226.0399932861328,214.97999572753906,63070300
2022-11-03,211.36000061035156,215.30999755859375,56538800
2022-11-04,222.60000610351562,207.47000122070312,98622200
2022-11-07,208.64999389648438,197.0800018310547,93916500
2022-11-08,194.02000427246094,191.3000030517578,128803400
2022-11-09,190.77999877929688,177.58999633789062,127062700
2022-11-10,189.89999389648438,190.72000122070312,132703000
2022-11-11,186.0,195.97000122070312,114403600
2022-11-14,192.77000427246094,190.9499969482422,92226600
2022-11-15,195.8800048828125,194.4199981689453,91293800
2022-11-16,191.50999450683594,186.9199981689453,66567600
2022-11-17,183.9600067138672,183.1699981689453,64336000
2022-11-18,185.0500030517578,180.19000244140625,76048900
2022-11-21,175.85000610351562,167.8699951171875,92882700
2022-11-22,168.6300048828125,169.91000366210938,78452300
2022-11-23,173.57000732421875,183.1999969482422,109536700
2022-11-25,185.05999755859375,182.86000061035156,50672700
2022-11-28,179.9600067138672,182.9199981689453,92905200
2022-11-29,184.99000549316406,180.8300018310547,83357100
2022-11-30,182.42999267578125,194.6999969482422,109186400
2022-12-01,197.0800018310547,194.6999969482422,80046200
2022-12-02,191.77999877929688,194.86000061035156,73645900
2022-12-05,189.44000244140625,182.4499969482422,93122700
2022-12-06,181.22000122070312,179.82000732421875,92150800
2022-12-07,175.02999877929688,174.0399932861328,84213300
2022-12-08,172.1999969482422,173.44000244140625,97624500
2022-12-09,173.83999633789062,179.0500030517578,104872300
2022-12-12,176.10000610351562,167.82000732421875,109794500
2022-12-13,174.8699951171875,160.9499969482422,175862700
2022-12-14,159.25,156.8000030517578,140682300
2022-12-15,153.44000244140625,157.6699981689453,122334500
2022-12-16,159.63999938964844,150.22999572753906,139032200
2022-12-19,154.0,149.8699951171875,139390600
2022-12-20,146.0500030517578,137.8000030517578,159563300
2022-12-21,139.33999633789062,137.57000732421875,145417400
2022-12-22,136.0,125.3499984741211,210090300
2022-12-23,126.37000274658203,123.1500015258789,166989700
2022-12-27,117.5,109.0999984741211,208643400
2022-12-28,110.3499984741211,112.70999908447266,221070500
2022-12-29,120.38999938964844,121.81999969482422,221923300
2022-12-30,119.94999694824219,123.18000030517578,157777300
